country,alliance,uranium,pageUrl
TheDarkSide,The Divine Council,1,http://blocgame.com/stats.php?id=63139
Platypus Island,SPQR,,http://blocgame.com/stats.php?id=63909
Raja Udang,PIRATES,,http://blocgame.com/stats.php?id=61754
Morovistan,The Divine Council,,http://blocgame.com/stats.php?id=62905
Sovngarde,The Order,,http://blocgame.com/stats.php?id=62626
Tuonela,The Order,,http://blocgame.com/stats.php?id=389
Newsoka,The Divine Council,,http://blocgame.com/stats.php?id=63105
LOCAI,Brotherhood of Nod,,http://blocgame.com/stats.php?id=53011
Aasyria,The Order,,http://blocgame.com/stats.php?id=60967
Conferan,The Divine Council,1,http://blocgame.com/stats.php?id=56710
Junoma,Steel Brotherhood,1,http://blocgame.com/stats.php?id=40349
Uzbekistanstan,The Order,,http://blocgame.com/stats.php?id=47207
whitmanistan,The Order,,http://blocgame.com/stats.php?id=36344
Ken no Taiyou,The Order,,http://blocgame.com/stats.php?id=64029
VinnyNation,Brotherhood of Nod,,http://blocgame.com/stats.php?id=62972
Cirno,The Federal Colonies,1,http://blocgame.com/stats.php?id=43375
Mirah,The Order,,http://blocgame.com/stats.php?id=64191
Rome Reloaded,SPQR,,http://blocgame.com/stats.php?id=1421
Kosan,The Divine Council,,http://blocgame.com/stats.php?id=59227
Asiana,The Divine Council,,http://blocgame.com/stats.php?id=62221
Eastasia,The Order,,http://blocgame.com/stats.php?id=63527
Byzantium,Steel Brotherhood,,http://blocgame.com/stats.php?id=41125
Hitlerwasright,The Order,,http://blocgame.com/stats.php?id=59621
Leinad,The Order,,http://blocgame.com/stats.php?id=59332
Batu putih,The Federal Colonies,,http://blocgame.com/stats.php?id=61926
Coccoladia,The Federal Colonies,,http://blocgame.com/stats.php?id=40289
USSR,The Order,,http://blocgame.com/stats.php?id=54182
Morjei,The Divine Council,,http://blocgame.com/stats.php?id=53068
Skekenhouse,The Order,,http://blocgame.com/stats.php?id=62962
Markovia,The Federal Colonies,,http://blocgame.com/stats.php?id=58369
Shambala,Brotherhood of Nod,,http://blocgame.com/stats.php?id=41268
nanas,The Divine Council,,http://blocgame.com/stats.php?id=61809
Brutish Empire,Brotherhood of Nod,,http://blocgame.com/stats.php?id=57265
Harezland,The Order,,http://blocgame.com/stats.php?id=60587
Asians,The Divine Council,,http://blocgame.com/stats.php?id=41551
Alamo,SPQR,,http://blocgame.com/stats.php?id=40536
Lorigan,The Divine Council,,http://blocgame.com/stats.php?id=59787
KingBding,The Order,,http://blocgame.com/stats.php?id=63205
Tamarlania,The Order,,http://blocgame.com/stats.php?id=61626
Krakozhia,Interpol,,http://blocgame.com/stats.php?id=39065
south nation,PIRATES,,http://blocgame.com/stats.php?id=61911
Salama�a,The Order,,http://blocgame.com/stats.php?id=63383
Mesopotamia,The Order,,http://blocgame.com/stats.php?id=42045
Cameronia,Steel Brotherhood,,http://blocgame.com/stats.php?id=62688
Mzab,Steel Brotherhood,,http://blocgame.com/stats.php?id=63775
Junovia,Interpol,,http://blocgame.com/stats.php?id=63088
Glubistan,SPQR,,http://blocgame.com/stats.php?id=63027
Crimea,The Order,,http://blocgame.com/stats.php?id=2570
Mmhat,The Divine Council,,http://blocgame.com/stats.php?id=45846
Ghost Shark,PIRATES,,http://blocgame.com/stats.php?id=63863
Tamil Kingdom,The Order,,http://blocgame.com/stats.php?id=60964
Mingland,Brotherhood of Nod,,http://blocgame.com/stats.php?id=63922
Sepidajistan,Steel Brotherhood,,http://blocgame.com/stats.php?id=59462
Sintra,The Order,,http://blocgame.com/stats.php?id=63167
Lubekran,Interpol,,http://blocgame.com/stats.php?id=62568
The NLR,The Order,,http://blocgame.com/stats.php?id=49701
Alexandrastan,Brotherhood of Nod,,http://blocgame.com/stats.php?id=39070
Southern Africa,The Order,,http://blocgame.com/stats.php?id=48410
Lombardy,The Order,,http://blocgame.com/stats.php?id=63882
Conrad,SPQR,,http://blocgame.com/stats.php?id=62640
Jemut,PIRATES,,http://blocgame.com/stats.php?id=61811
Ferma,The Order,,http://blocgame.com/stats.php?id=58784
Psilocybis,Brotherhood of Nod,,http://blocgame.com/stats.php?id=62795
SettingMoon,The Order,,http://blocgame.com/stats.php?id=62839
Khuzestan,The Federal Colonies,2,http://blocgame.com/stats.php?id=48914
Johor,PIRATES,,http://blocgame.com/stats.php?id=60442
Cyleia,,,http://blocgame.com/stats.php?id=62784
Neechanville,Steel Brotherhood,,http://blocgame.com/stats.php?id=63023
New Luzon,The Order,,http://blocgame.com/stats.php?id=63066
Thair,The Order,,http://blocgame.com/stats.php?id=60955
Puerto Libre,The Federal Colonies,1,http://blocgame.com/stats.php?id=61883
kweensnkans,,,http://blocgame.com/stats.php?id=63345
constania,The Divine Council,,http://blocgame.com/stats.php?id=62606
Cubania,The Order,,http://blocgame.com/stats.php?id=47349
Treehouse,The Divine Council,,http://blocgame.com/stats.php?id=58889
Texastan,Interpol,,http://blocgame.com/stats.php?id=58149
Jebawka,The Order,,http://blocgame.com/stats.php?id=54304
TerapBuduLipis,The Divine Council,1,http://blocgame.com/stats.php?id=60513
Deklain,The Divine Council,,http://blocgame.com/stats.php?id=57066
Slavostan,Interpol,1,http://blocgame.com/stats.php?id=48188
Lothl�rien,,,http://blocgame.com/stats.php?id=64165
Manturia-Korea,,,http://blocgame.com/stats.php?id=64188
Drelinka,SPQR,,http://blocgame.com/stats.php?id=61556
Potatopia,Brotherhood of Nod,,http://blocgame.com/stats.php?id=54037
Rhod3sia,The Order,,http://blocgame.com/stats.php?id=52679
Biji Kurdistan,Brotherhood of Nod,,http://blocgame.com/stats.php?id=52906
Crayola,The Order,,http://blocgame.com/stats.php?id=63958
Zinlandia,Steel Brotherhood,,http://blocgame.com/stats.php?id=45831
Veganism,,,http://blocgame.com/stats.php?id=46041
Eastern Eagle,Brotherhood of Nod,,http://blocgame.com/stats.php?id=63045
Silverra,PIRATES,,http://blocgame.com/stats.php?id=61729
CTSKRR,The Divine Council,,http://blocgame.com/stats.php?id=60811
Nueva Galicia,Che Guevara League,,http://blocgame.com/stats.php?id=60349
Psychotropia,Brotherhood of Nod,,http://blocgame.com/stats.php?id=64125
Deagle Nation!,Brotherhood of Nod,,http://blocgame.com/stats.php?id=63100
Ivalice,Interpol,,http://blocgame.com/stats.php?id=63060
Almania,Brotherhood of Nod,,http://blocgame.com/stats.php?id=51725
the murloc,Steel Brotherhood,,http://blocgame.com/stats.php?id=63727
Feffiopia,The Divine Council,,http://blocgame.com/stats.php?id=46505
Communistutopia,The Order,,http://blocgame.com/stats.php?id=49796
North Nubia,SPQR,,http://blocgame.com/stats.php?id=63084
Zen killer,The Divine Council,1,http://blocgame.com/stats.php?id=63107
the Haunted,The Order,,http://blocgame.com/stats.php?id=63020
malapetaka,The Divine Council,,http://blocgame.com/stats.php?id=60813
Giant Mechs,The Divine Council,,http://blocgame.com/stats.php?id=60735
SOPF,The United Nations,,http://blocgame.com/stats.php?id=62841
Petai Belalang,PIRATES,,http://blocgame.com/stats.php?id=60767
Russophia,,,http://blocgame.com/stats.php?id=54426
Bloodied Stools,The Divine Council,,http://blocgame.com/stats.php?id=56997
Kilij,The Order,,http://blocgame.com/stats.php?id=63687
Northmarch,PIRATES,,http://blocgame.com/stats.php?id=41629
Dondang Sayang,PIRATES,,http://blocgame.com/stats.php?id=60628
Parameswara,Brotherhood of Nod,,http://blocgame.com/stats.php?id=56360
Buchepalia,Brotherhood of Nod,,http://blocgame.com/stats.php?id=60734
Zanyslavia,The Khilafah,,http://blocgame.com/stats.php?id=41452
Langgarpura,The Order,,http://blocgame.com/stats.php?id=60629
S�l,Lithuanian Coalition,,http://blocgame.com/stats.php?id=61589
kobisbunga,Brotherhood of Nod,,http://blocgame.com/stats.php?id=61609
Fongelesia,The Divine Council,,http://blocgame.com/stats.php?id=63041
Huangdi,The Divine Council,,http://blocgame.com/stats.php?id=59776
Chūya,The Order,,http://blocgame.com/stats.php?id=63950
shair,The Divine Council,,http://blocgame.com/stats.php?id=62199
Walletia,The United Nations,,http://blocgame.com/stats.php?id=62978
New Caucasus,The Order,,http://blocgame.com/stats.php?id=4392
Syphirious,Interpol,,http://blocgame.com/stats.php?id=59670
ADAMLAND,The Order,,http://blocgame.com/stats.php?id=60764
Lyranistan,Brotherhood of Nod,2,http://blocgame.com/stats.php?id=56860
al-Bahrayn,The Order,,http://blocgame.com/stats.php?id=59775
Selja,Brotherhood of Nod,,http://blocgame.com/stats.php?id=63172
Inderapura,PIRATES,,http://blocgame.com/stats.php?id=62928
Eleuthera,420 Empire,,http://blocgame.com/stats.php?id=63029
Gammaria,The Order,,http://blocgame.com/stats.php?id=64334
National_East,Steel Brotherhood,,http://blocgame.com/stats.php?id=61888
Safavid Persia,The Order,,http://blocgame.com/stats.php?id=63199
Classia,Steel Brotherhood,,http://blocgame.com/stats.php?id=63652
Niggerito,SPQR,,http://blocgame.com/stats.php?id=63087
Brohan,Brotherhood of Nod,,http://blocgame.com/stats.php?id=40340
venua,The Order,,http://blocgame.com/stats.php?id=54363
Valtania,The Federal Colonies,,http://blocgame.com/stats.php?id=62525
Aryana,Steel Brotherhood,,http://blocgame.com/stats.php?id=2313
Romiia,The United Nations,,http://blocgame.com/stats.php?id=60242
bakhang,The Order,,http://blocgame.com/stats.php?id=60485
Nerdia,Brotherhood of Nod,1,http://blocgame.com/stats.php?id=56451
SPNR,Brotherhood of Nod,,http://blocgame.com/stats.php?id=51722
Eisen,The Order,,http://blocgame.com/stats.php?id=53566
Tyrantia,The Divine Council,3,http://blocgame.com/stats.php?id=40238
Malaysia Raya,PIRATES,,http://blocgame.com/stats.php?id=61845
MakanBudak,The Order,,http://blocgame.com/stats.php?id=60748
Chrome,The Divine Council,,http://blocgame.com/stats.php?id=62534
Genocidia,The Divine Council,,http://blocgame.com/stats.php?id=41291
Ekodebota,The Divine Council,,http://blocgame.com/stats.php?id=53422
Malaysia.,PIRATES,,http://blocgame.com/stats.php?id=63032
Reim,The Divine Council,,http://blocgame.com/stats.php?id=41073
pelle,The Order,,http://blocgame.com/stats.php?id=52372
South Uganda,The Divine Council,,http://blocgame.com/stats.php?id=63128
Jerung Hantu,SPQR,,http://blocgame.com/stats.php?id=60505
Bluegene/Q,The Divine Council,,http://blocgame.com/stats.php?id=61506
temasik,SPQR,,http://blocgame.com/stats.php?id=62827
One Star,The Divine Council,,http://blocgame.com/stats.php?id=57783
Lomar,Steel Brotherhood,,http://blocgame.com/stats.php?id=63175
Empyrea,The Order,,http://blocgame.com/stats.php?id=49411
kinabalu,,,http://blocgame.com/stats.php?id=62887
Kekistonia,The Order,,http://blocgame.com/stats.php?id=63476
KakMahPower,PIRATES,,http://blocgame.com/stats.php?id=60656
Swagvila,The Divine Council,,http://blocgame.com/stats.php?id=45990
Dess,The Order,,http://blocgame.com/stats.php?id=63586
Celtic Nations,Brotherhood of Nod,,http://blocgame.com/stats.php?id=7511
Greatest Ally,Brotherhood of Nod,,http://blocgame.com/stats.php?id=49097
Wernston,Illuminati,,http://blocgame.com/stats.php?id=63951
Derse Moon,The Order,,http://blocgame.com/stats.php?id=62965
Kukulala,The Divine Council,,http://blocgame.com/stats.php?id=60796
methamphetamine,The Federal Colonies,,http://blocgame.com/stats.php?id=61702
FuchukFakhu,PIRATES,,http://blocgame.com/stats.php?id=61483
Gallifrey,Steel Brotherhood,,http://blocgame.com/stats.php?id=40351
Foodstuffs,Brotherhood of Nod,,http://blocgame.com/stats.php?id=40676
TrumpCity,Steel Brotherhood,,http://blocgame.com/stats.php?id=63769
Libratio,Steel Brotherhood,,http://blocgame.com/stats.php?id=40370
Hivemindia,The Order,,http://blocgame.com/stats.php?id=63286
Aminichina,The Order,,http://blocgame.com/stats.php?id=56720
Chicken rice,PIRATES,,http://blocgame.com/stats.php?id=61750
Senandung Malam,PIRATES,,http://blocgame.com/stats.php?id=61074
Cancer,The Order,,http://blocgame.com/stats.php?id=58745
Rengit,The Order,,http://blocgame.com/stats.php?id=61769
BongoBongoBongo,The Order,,http://blocgame.com/stats.php?id=63942
Oilpotamia,Steel Brotherhood,,http://blocgame.com/stats.php?id=64020
Tandak,PIRATES,,http://blocgame.com/stats.php?id=62201
Justice,Brotherhood of Nod,,http://blocgame.com/stats.php?id=62975
Burke Tome,Brotherhood of Nod,,http://blocgame.com/stats.php?id=63028
Alohaha,,,http://blocgame.com/stats.php?id=57669
Pan-demo-nium,Steel Brotherhood,,http://blocgame.com/stats.php?id=63195
Nuketown,The Divine Council,,http://blocgame.com/stats.php?id=59614
OnePiece,PIRATES,,http://blocgame.com/stats.php?id=63126
schekels,,,http://blocgame.com/stats.php?id=63381
Kozakura,The Divine Council,,http://blocgame.com/stats.php?id=48894
CubeHead,SPQR,,http://blocgame.com/stats.php?id=63001
Northern Ghan,The Divine Council,,http://blocgame.com/stats.php?id=62344
Nuwe Rhodesia,The Order,,http://blocgame.com/stats.php?id=6338
Mesopotamiaa,Brotherhood of Nod,,http://blocgame.com/stats.php?id=63058
Shiba,The Order,,http://blocgame.com/stats.php?id=56250
Krasnyyikistan,Socialist Arab Union,,http://blocgame.com/stats.php?id=50209
Puella-Magia,Brotherhood of Nod,,http://blocgame.com/stats.php?id=35958
saiya,The Order,,http://blocgame.com/stats.php?id=61785
Novaya,The Order,,http://blocgame.com/stats.php?id=62840
Efren,Steel Brotherhood,,http://blocgame.com/stats.php?id=62725
Kulunkjin,SPQR,,http://blocgame.com/stats.php?id=62604
Carpentaria,PIRATES,,http://blocgame.com/stats.php?id=59901
Black Widow,The Order,,http://blocgame.com/stats.php?id=62290
Tyanra,SPQR,1,http://blocgame.com/stats.php?id=60365
ZAMENTA,The Order,1,http://blocgame.com/stats.php?id=61998
Kuto,The Federal Colonies,,http://blocgame.com/stats.php?id=40095
Kyranistan,,,http://blocgame.com/stats.php?id=61263
Memiaya,Che Guevara League,,http://blocgame.com/stats.php?id=62980
Zeon Alliance,The Divine Council,1,http://blocgame.com/stats.php?id=62248
Violent Vegans,Interpol,,http://blocgame.com/stats.php?id=48869
Addin-territory,PIRATES,,http://blocgame.com/stats.php?id=62712
South Park,SPQR,,http://blocgame.com/stats.php?id=228
Oileum,The Divine Council,,http://blocgame.com/stats.php?id=63070
Weast America,Brotherhood of Nod,,http://blocgame.com/stats.php?id=55778
San Palomino,The Order,,http://blocgame.com/stats.php?id=51103
HARDGAY♂,The Order,,http://blocgame.com/stats.php?id=63324
Transmekong,The United Nations,,http://blocgame.com/stats.php?id=40195
Top Hat,,,http://blocgame.com/stats.php?id=61121
KelabuAsap,The Divine Council,,http://blocgame.com/stats.php?id=60664
Vanan,The Order,,http://blocgame.com/stats.php?id=63339
Baden,The Divine Council,,http://blocgame.com/stats.php?id=48684
Rudenia,The Divine Council,,http://blocgame.com/stats.php?id=47765
Farsland,,,http://blocgame.com/stats.php?id=63782
Guadianstan,Steel Brotherhood,,http://blocgame.com/stats.php?id=63250
Infernistan,Socialist Arab Union,,http://blocgame.com/stats.php?id=60304
Casopia,,,http://blocgame.com/stats.php?id=63500
Baloq,,,http://blocgame.com/stats.php?id=61900
rio de la plata,Lithuanian Coalition,,http://blocgame.com/stats.php?id=63051
Aeter,The Order,,http://blocgame.com/stats.php?id=61960
Lolesco,The Order,,http://blocgame.com/stats.php?id=48289
Whitey,Brotherhood of Nod,,http://blocgame.com/stats.php?id=4816
Cocobongo,The Divine Council,,http://blocgame.com/stats.php?id=58193
Shining Sun,Steel Brotherhood,,http://blocgame.com/stats.php?id=61511
Arina,Interpol,,http://blocgame.com/stats.php?id=54480
Freedom Treaty,The United Nations,,http://blocgame.com/stats.php?id=57690
Zorin,The Divine Council,,http://blocgame.com/stats.php?id=59970
Argon,Interpol,,http://blocgame.com/stats.php?id=57323
Thermonia,The Order,,http://blocgame.com/stats.php?id=53567
Kek Slovakia,The Order,,http://blocgame.com/stats.php?id=63462
BOOP,Steel Brotherhood,,http://blocgame.com/stats.php?id=58737
Fludena,,,http://blocgame.com/stats.php?id=64036
The UCOA,Steel Brotherhood,,http://blocgame.com/stats.php?id=54240
mani,,,http://blocgame.com/stats.php?id=62912
Utea,The Order,,http://blocgame.com/stats.php?id=49905
Whadjuk,The Khilafah,,http://blocgame.com/stats.php?id=63576
Yugoslothia,Brotherhood of Nod,,http://blocgame.com/stats.php?id=55968
Mangkok,The Divine Council,,http://blocgame.com/stats.php?id=62210
Kritch,Steel Brotherhood,5,http://blocgame.com/stats.php?id=63155
FreakTopia,The Order,,http://blocgame.com/stats.php?id=45527
Wafflonia,SPQR,,http://blocgame.com/stats.php?id=63064
Moneymaking,Steel Brotherhood,,http://blocgame.com/stats.php?id=64271
Ceannesburg,The Order,,http://blocgame.com/stats.php?id=56500
AfganiBoy,The United Nations,,http://blocgame.com/stats.php?id=62098
Thimerica,Steel Brotherhood,,http://blocgame.com/stats.php?id=62883
Bruce Man,The Divine Council,,http://blocgame.com/stats.php?id=59564
Robots,Interpol,,http://blocgame.com/stats.php?id=40242
Vorcs,PIRATES,,http://blocgame.com/stats.php?id=61955
Persona-Grata,PIRATES,,http://blocgame.com/stats.php?id=60788
House Tyrell,SPQR,,http://blocgame.com/stats.php?id=64093
Iwo Jima,The Order,,http://blocgame.com/stats.php?id=63259
720instaswap,,,http://blocgame.com/stats.php?id=62714
Edtopia,The Federal Colonies,,http://blocgame.com/stats.php?id=249
Sordidia,The Order,,http://blocgame.com/stats.php?id=63203
Smyrno,Steel Brotherhood,,http://blocgame.com/stats.php?id=62960
The Deserted,Steel Brotherhood,,http://blocgame.com/stats.php?id=40459
Borneon,PIRATES,5,http://blocgame.com/stats.php?id=61947
Sulon Grande,Brotherhood of Nod,,http://blocgame.com/stats.php?id=61038
Large Man,The Divine Council,1,http://blocgame.com/stats.php?id=52836
HiredGun,The Order,,http://blocgame.com/stats.php?id=53353
kufr conquerors,Brotherhood of Nod,,http://blocgame.com/stats.php?id=59579
Turbanistan,The Order,,http://blocgame.com/stats.php?id=63007
Rebel Scum,,,http://blocgame.com/stats.php?id=63844
Andes,The Divine Council,,http://blocgame.com/stats.php?id=51547
Olympia,Brotherhood of Nod,,http://blocgame.com/stats.php?id=51354
Nameck,Interpol,,http://blocgame.com/stats.php?id=61968
Vursian,PIRATES,,http://blocgame.com/stats.php?id=62540
fjortonattio8,The Order,,http://blocgame.com/stats.php?id=63413
Neu-Berlin,The Order,,http://blocgame.com/stats.php?id=63504
Based World,SPQR,,http://blocgame.com/stats.php?id=58035
Alanies,The Order,,http://blocgame.com/stats.php?id=54617
Laurence,Brotherhood of Nod,1,http://blocgame.com/stats.php?id=49637
Briggs,SPQR,,http://blocgame.com/stats.php?id=53442
johoreansouth,PIRATES,,http://blocgame.com/stats.php?id=61895
Hajoki,The Khilafah,,http://blocgame.com/stats.php?id=60093
Rogue Nation,The Order,,http://blocgame.com/stats.php?id=64135
Targaria,SPQR,,http://blocgame.com/stats.php?id=42946
ZumbaZumbi,PIRATES,,http://blocgame.com/stats.php?id=61482
Uzbekistan.,Brotherhood of Nod,,http://blocgame.com/stats.php?id=59590
fetiwert,The Federal Colonies,,http://blocgame.com/stats.php?id=63124
Sarnath,The Federal Colonies,,http://blocgame.com/stats.php?id=62981
Wladimiria,The Divine Council,,http://blocgame.com/stats.php?id=52318
Pembunuh,PIRATES,,http://blocgame.com/stats.php?id=63737
Gulam,PIRATES,,http://blocgame.com/stats.php?id=63645
Wankmuffin,,,http://blocgame.com/stats.php?id=63325
Magical Horses,The Divine Council,,http://blocgame.com/stats.php?id=51070
United Pacific,Comintern,,http://blocgame.com/stats.php?id=63488
Infebiousness,Interpol,,http://blocgame.com/stats.php?id=40302
Bango,The Order,,http://blocgame.com/stats.php?id=59337
Amazonian Union,Steel Brotherhood,,http://blocgame.com/stats.php?id=59377
Panzer,The Order,,http://blocgame.com/stats.php?id=63748
Bahamat,The Khilafah,,http://blocgame.com/stats.php?id=64061
Viktoria,The Order,,http://blocgame.com/stats.php?id=40188
Lyon,The Order,,http://blocgame.com/stats.php?id=57382
Sana,The Order,,http://blocgame.com/stats.php?id=60262
Losong,PIRATES,,http://blocgame.com/stats.php?id=60570
Fedorians,Illuminati,,http://blocgame.com/stats.php?id=64028
Borgasha,The Order,,http://blocgame.com/stats.php?id=63407
Olut,The Order,,http://blocgame.com/stats.php?id=63682
The Abarat,The Order,,http://blocgame.com/stats.php?id=40068
Black Swamp,The United Nations,,http://blocgame.com/stats.php?id=51451
raja_png,PIRATES,,http://blocgame.com/stats.php?id=62000
Cartenesia,,,http://blocgame.com/stats.php?id=58994
pooperheds,,,http://blocgame.com/stats.php?id=63903
SUNGAI KERAK,PIRATES,,http://blocgame.com/stats.php?id=61710
United-Muslims,SPQR,,http://blocgame.com/stats.php?id=61674
Shinystan,The Order,,http://blocgame.com/stats.php?id=63522
Lepkonia,Interpol,,http://blocgame.com/stats.php?id=55854
Opallia,The Order,,http://blocgame.com/stats.php?id=63666
DZ Djeich,The Khilafah,,http://blocgame.com/stats.php?id=61408
Razgriskm,The Divine Council,,http://blocgame.com/stats.php?id=63117
Pokok Sena,PIRATES,,http://blocgame.com/stats.php?id=63144
Haaga,The Federal Colonies,,http://blocgame.com/stats.php?id=64322
Khebabistan,Steel Brotherhood,,http://blocgame.com/stats.php?id=51401
Sector 6,The Order,,http://blocgame.com/stats.php?id=63362
Savannah,Steel Brotherhood,,http://blocgame.com/stats.php?id=49817
Aratana Kibo,,,http://blocgame.com/stats.php?id=63197
MalayaMMP,PIRATES,,http://blocgame.com/stats.php?id=62383
Gobi,The Order,,http://blocgame.com/stats.php?id=61919
umok,The United Nations,,http://blocgame.com/stats.php?id=62724
SrpskaRepublika,The Order,,http://blocgame.com/stats.php?id=63541
Afrikizonia,Steel Brotherhood,,http://blocgame.com/stats.php?id=63138
Spaolia,The Federal Colonies,,http://blocgame.com/stats.php?id=56845
Idaho,The Order,,http://blocgame.com/stats.php?id=63484
nation name,Interpol,1,http://blocgame.com/stats.php?id=49652
Skhimm,Brotherhood of Nod,,http://blocgame.com/stats.php?id=52362
Tuaran,,,http://blocgame.com/stats.php?id=61828
axmbest,,,http://blocgame.com/stats.php?id=61772
Norwegia,The Order,,http://blocgame.com/stats.php?id=30
Osia,Brotherhood of Nod,,http://blocgame.com/stats.php?id=40431
Llorxye,PIRATES,,http://blocgame.com/stats.php?id=61688
DevilsAndDemons,Steel Brotherhood,,http://blocgame.com/stats.php?id=64116
lordmason22,,,http://blocgame.com/stats.php?id=63733
Titiwangsa,PIRATES,,http://blocgame.com/stats.php?id=61596
Zuyazayuza,The Order,,http://blocgame.com/stats.php?id=62470
Labuair,PIRATES,,http://blocgame.com/stats.php?id=62573
Walmart,The Order,,http://blocgame.com/stats.php?id=57903
Ralu,The Divine Council,,http://blocgame.com/stats.php?id=59527
Psiloybia,The Order,,http://blocgame.com/stats.php?id=45249
Inferia,Divine League,,http://blocgame.com/stats.php?id=60789
AA,PIRATES,,http://blocgame.com/stats.php?id=64255
Sumchakastan,The Khilafah,,http://blocgame.com/stats.php?id=41444
Prometheus,The Divine Council,,http://blocgame.com/stats.php?id=56022
DFWEFWEF,Interpol,,http://blocgame.com/stats.php?id=55118
KaleCepo,PIRATES,,http://blocgame.com/stats.php?id=60711
Terra Predonum,Steel Brotherhood,,http://blocgame.com/stats.php?id=62885
Invasion Nation,Steel Brotherhood,,http://blocgame.com/stats.php?id=64541
Errvistan,The Order,,http://blocgame.com/stats.php?id=64330
Octobia,The Federal Colonies,,http://blocgame.com/stats.php?id=61272
Nahrin,PIRATES,,http://blocgame.com/stats.php?id=62160
Bolshevikistan,Brotherhood of Nod,,http://blocgame.com/stats.php?id=60189
Darkstone,The Divine Council,,http://blocgame.com/stats.php?id=57176
Nimei,Illuminati,,http://blocgame.com/stats.php?id=64022
Cyrodill,The Order,,http://blocgame.com/stats.php?id=53759
Nova Ikaki,Brotherhood of Nod,,http://blocgame.com/stats.php?id=55911
Cascoia,The Order,,http://blocgame.com/stats.php?id=54174
Pooland,Brotherhood of Nod,,http://blocgame.com/stats.php?id=49295
Rararaland,The Divine Council,,http://blocgame.com/stats.php?id=49272
RIPERINO,,,http://blocgame.com/stats.php?id=64163
SemutHitam,PIRATES,,http://blocgame.com/stats.php?id=62379
Lamerique,,,http://blocgame.com/stats.php?id=64104
Fuhrer,,,http://blocgame.com/stats.php?id=64260
New Wadowice,The Order,,http://blocgame.com/stats.php?id=61637
Free Vietnam,The Federal Colonies,,http://blocgame.com/stats.php?id=60426
Bosniastan,Brotherhood of Nod,,http://blocgame.com/stats.php?id=64305
Yummy Foods,Interpol,,http://blocgame.com/stats.php?id=54376
natangape,The Order,,http://blocgame.com/stats.php?id=61600
carefree,The Order,,http://blocgame.com/stats.php?id=61669
Funistan,,,http://blocgame.com/stats.php?id=8311
Ballz,The Khilafah,,http://blocgame.com/stats.php?id=64063
Egoria,Steel Brotherhood,,http://blocgame.com/stats.php?id=54726
Thinkpad,The Order,,http://blocgame.com/stats.php?id=63332
Terengganu,The Divine Council,,http://blocgame.com/stats.php?id=60615
AtlasCorp,Brotherhood of Nod,,http://blocgame.com/stats.php?id=63122
subse7en,The Order,,http://blocgame.com/stats.php?id=61112
JIDF,,,http://blocgame.com/stats.php?id=63700
Reality,The Order,,http://blocgame.com/stats.php?id=53029
sandakania,The Order,,http://blocgame.com/stats.php?id=60600
Free Persia,SPQR,,http://blocgame.com/stats.php?id=62875
Shekel Land,The Order,,http://blocgame.com/stats.php?id=54689
Sea13,PIRATES,,http://blocgame.com/stats.php?id=62117
Novi Sad,The Divine Council,,http://blocgame.com/stats.php?id=60752
Praetoria Augusta,SPQR,,http://blocgame.com/stats.php?id=39021
M�rg,The United Nations,,http://blocgame.com/stats.php?id=58356
OurTown,The Order,,http://blocgame.com/stats.php?id=51681
Chaos county,The United Nations,,http://blocgame.com/stats.php?id=49736
Syraan,The Order,,http://blocgame.com/stats.php?id=59870
Dromund Kaas,,,http://blocgame.com/stats.php?id=62191
Durmatagno,,,http://blocgame.com/stats.php?id=57978
claytonG,,,http://blocgame.com/stats.php?id=64428
Shatmapants,Steel Brotherhood,,http://blocgame.com/stats.php?id=58425
Tanah Malaya,PIRATES,,http://blocgame.com/stats.php?id=60385
Cairobya,The Federal Colonies,,http://blocgame.com/stats.php?id=64173
Caballos,Steel Brotherhood,,http://blocgame.com/stats.php?id=5261
Borderia,The United Nations,,http://blocgame.com/stats.php?id=63992
Kitt,PIRATES,,http://blocgame.com/stats.php?id=64247
Boomtown,The Divine Council,,http://blocgame.com/stats.php?id=50054
Selayang,PIRATES,,http://blocgame.com/stats.php?id=60642
Nigiria,The United Nations,,http://blocgame.com/stats.php?id=46929
Black Pearl,PIRATES,,http://blocgame.com/stats.php?id=63631
Vanaheim,The Order,,http://blocgame.com/stats.php?id=63832
Tr�pico,,,http://blocgame.com/stats.php?id=1
Onstantinia,The Order,,http://blocgame.com/stats.php?id=62513
Somaliya,Interpol,,http://blocgame.com/stats.php?id=52569
Gumbo,Steel Brotherhood,,http://blocgame.com/stats.php?id=64201
Castille,Steel Brotherhood,,http://blocgame.com/stats.php?id=65002
Aincrad,,,http://blocgame.com/stats.php?id=50267
sandshark,The Order,,http://blocgame.com/stats.php?id=62581
Sheena,,,http://blocgame.com/stats.php?id=62190
honk honk,The Khilafah,,http://blocgame.com/stats.php?id=63623
Melaka,The Divine Council,,http://blocgame.com/stats.php?id=57146
Ilumina,,,http://blocgame.com/stats.php?id=64094
CLASSIFIED,PIRATES,,http://blocgame.com/stats.php?id=64604
Nexsonia,,,http://blocgame.com/stats.php?id=64109
kodiang,The United Nations,,http://blocgame.com/stats.php?id=60531
oreoxmonster,The Divine Council,,http://blocgame.com/stats.php?id=64351
Curonia,The Order,,http://blocgame.com/stats.php?id=63639
Tron,Brotherhood of Nod,2,http://blocgame.com/stats.php?id=62967
Samsayum,The Order,,http://blocgame.com/stats.php?id=63640
Liszonia,Brotherhood of Nod,,http://blocgame.com/stats.php?id=62783
FORECASTLE,,,http://blocgame.com/stats.php?id=62894
British Egypt,Brotherhood of Nod,,http://blocgame.com/stats.php?id=45596
Messer,The Order,,http://blocgame.com/stats.php?id=52483
fotamorgana,Steel Brotherhood,1,http://blocgame.com/stats.php?id=62833
Alor Janggus,The Order,,http://blocgame.com/stats.php?id=63141
Honduras,The Divine Council,,http://blocgame.com/stats.php?id=60291
Karat,The Federal Colonies,,http://blocgame.com/stats.php?id=45853
jongos,,,http://blocgame.com/stats.php?id=61892
Moshav,The Divine Council,,http://blocgame.com/stats.php?id=64593
Austone,,,http://blocgame.com/stats.php?id=53733
Bahai,The Order,,http://blocgame.com/stats.php?id=64246
Endau,PIRATES,,http://blocgame.com/stats.php?id=61932
SOAP,The Order,,http://blocgame.com/stats.php?id=64572
Ipoh,SPQR,,http://blocgame.com/stats.php?id=62127
publika,,,http://blocgame.com/stats.php?id=62345
Petrovistan,The Federal Colonies,,http://blocgame.com/stats.php?id=64147
Eneficus,,,http://blocgame.com/stats.php?id=64046
Mongolstan,The Order,,http://blocgame.com/stats.php?id=47945
Kikkomen,The Order,,http://blocgame.com/stats.php?id=53662
Jam,Brotherhood of Nod,,http://blocgame.com/stats.php?id=56490
Americastan,,,http://blocgame.com/stats.php?id=63485
RumBumistan,,,http://blocgame.com/stats.php?id=64055
MyKingdom,PIRATES,,http://blocgame.com/stats.php?id=60728
epf,The Federal Colonies,,http://blocgame.com/stats.php?id=63191
Utopiastan,The Order,,http://blocgame.com/stats.php?id=56876
Ausmasia,The Khilafah,,http://blocgame.com/stats.php?id=61817
morelia,PIRATES,,http://blocgame.com/stats.php?id=61850
Benus Prime,SPQR,,http://blocgame.com/stats.php?id=63643
Stings,The Federal Colonies,,http://blocgame.com/stats.php?id=62660
Meviora,PIRATES,,http://blocgame.com/stats.php?id=62583
Dimaster,Steel Brotherhood,,http://blocgame.com/stats.php?id=49731
Ladina,Steel Brotherhood,,http://blocgame.com/stats.php?id=62936
����������,The Divine Council,,http://blocgame.com/stats.php?id=54626
Italica,SPQR,,http://blocgame.com/stats.php?id=63435
Boro,The Order,,http://blocgame.com/stats.php?id=59257
Dragon Stone,Interpol,,http://blocgame.com/stats.php?id=54852
Honesty,,,http://blocgame.com/stats.php?id=62094
gong badang,PIRATES,,http://blocgame.com/stats.php?id=61914
Anfield,Steel Brotherhood,,http://blocgame.com/stats.php?id=64538
Pink,The Order,,http://blocgame.com/stats.php?id=46667
Nhayat,The Order,,http://blocgame.com/stats.php?id=62666
The Shitposters,The Order,,http://blocgame.com/stats.php?id=63636
Tarsonis,,,http://blocgame.com/stats.php?id=62868
Giggles,,,http://blocgame.com/stats.php?id=64511
TheDesertFox,The Divine Council,,http://blocgame.com/stats.php?id=52368
oliverhard,The Divine Council,,http://blocgame.com/stats.php?id=53822
Awesomeria,The Order,,http://blocgame.com/stats.php?id=57755
Androzia,SPQR,,http://blocgame.com/stats.php?id=61584
Bubupooka,The Order,,http://blocgame.com/stats.php?id=44960
Scrubistan,Brotherhood of Nod,,http://blocgame.com/stats.php?id=59122
Formosa,The Order,,http://blocgame.com/stats.php?id=41162
Ballzinga,The Order,,http://blocgame.com/stats.php?id=63397
Arabic Union,The Order,,http://blocgame.com/stats.php?id=59855
Scavia,The Order,,http://blocgame.com/stats.php?id=52275
District21,PIRATES,,http://blocgame.com/stats.php?id=62938
Shinjukus,The Divine Council,,http://blocgame.com/stats.php?id=64048
Spartang,PIRATES,,http://blocgame.com/stats.php?id=64166
Courlandia,The Order,,http://blocgame.com/stats.php?id=64264
Retardia,,,http://blocgame.com/stats.php?id=41553
white shadow,The Divine Council,,http://blocgame.com/stats.php?id=55012
Mocha,The Order,,http://blocgame.com/stats.php?id=61298
Fantastica,Steel Brotherhood,,http://blocgame.com/stats.php?id=60828
Bantersciz,Steel Brotherhood,,http://blocgame.com/stats.php?id=63604
Saudi Arabia,The Khilafah,,http://blocgame.com/stats.php?id=40653
The Sound,The Divine Council,,http://blocgame.com/stats.php?id=55197
Dank Weed,The Divine Council,,http://blocgame.com/stats.php?id=63959
Reikland,The Divine Council,,http://blocgame.com/stats.php?id=58781
Kelate.net,PIRATES,1,http://blocgame.com/stats.php?id=61907
Kampung Dusun,PIRATES,,http://blocgame.com/stats.php?id=62351
Tanda,The Unknown,,http://blocgame.com/stats.php?id=63885
Last Horn,The Khilafah,,http://blocgame.com/stats.php?id=64043
Rockstead,The Order,,http://blocgame.com/stats.php?id=62622
Entah,PIRATES,,http://blocgame.com/stats.php?id=60530
Clearwater,,,http://blocgame.com/stats.php?id=64249
Ongcan,,,http://blocgame.com/stats.php?id=62393
Rattown,The Order,4,http://blocgame.com/stats.php?id=39062
Falamata,The Federal Colonies,,http://blocgame.com/stats.php?id=62057
kuci,,,http://blocgame.com/stats.php?id=63755
KOHREA,The Order,,http://blocgame.com/stats.php?id=63926
semerah padi,PIRATES,,http://blocgame.com/stats.php?id=62389
tardass,,,http://blocgame.com/stats.php?id=63057
Kryzikstan,Socialist Arab Union,,http://blocgame.com/stats.php?id=64855
Tanus,Brotherhood of Nod,,http://blocgame.com/stats.php?id=61059
qigong,,,http://blocgame.com/stats.php?id=64086
Persifio,PIRATES,,http://blocgame.com/stats.php?id=61664
11Bgde Para,PIRATES,,http://blocgame.com/stats.php?id=62652
ThePonyslayers,The Order,,http://blocgame.com/stats.php?id=54547
Ceylon,,,http://blocgame.com/stats.php?id=63194
Free Trade,Interpol,,http://blocgame.com/stats.php?id=55017
NL-Indies,The Federal Colonies,,http://blocgame.com/stats.php?id=63776
Malaysiastan,Brotherhood of Nod,,http://blocgame.com/stats.php?id=60911
Lemonstan,Brotherhood of Nod,4,http://blocgame.com/stats.php?id=40048
Aroucia,,,http://blocgame.com/stats.php?id=59585
Lesser China,,,http://blocgame.com/stats.php?id=62995
Kota Tinggi,Steel Brotherhood,,http://blocgame.com/stats.php?id=63120
Nueva Pilipinas,The Divine Council,,http://blocgame.com/stats.php?id=53008
Derpkins,,,http://blocgame.com/stats.php?id=59737
Apokalyptom,,,http://blocgame.com/stats.php?id=58585
Rimba Bara,The Khilafah,,http://blocgame.com/stats.php?id=61603
UNIland,SPQR,,http://blocgame.com/stats.php?id=62192
Histalaxia,The Order,,http://blocgame.com/stats.php?id=51506
Chanada,The Order,,http://blocgame.com/stats.php?id=58742
Shanghai,Steel Brotherhood,,http://blocgame.com/stats.php?id=63118
Iraqghanistan,The Khilafah,,http://blocgame.com/stats.php?id=64180
Black Money,,,http://blocgame.com/stats.php?id=64241
Pemakan Dunia,PIRATES,,http://blocgame.com/stats.php?id=61189
Soviet Kekbodia,,,http://blocgame.com/stats.php?id=63380
Langit7,Brotherhood of Nod,,http://blocgame.com/stats.php?id=61131
Dirk-Dirkastan,The Order,,http://blocgame.com/stats.php?id=63936
Daricia,,,http://blocgame.com/stats.php?id=64185
Eurassia,Pact of Red October,,http://blocgame.com/stats.php?id=63019
New Granada,The Order,,http://blocgame.com/stats.php?id=63401
Abel,,,http://blocgame.com/stats.php?id=64248
awanghitam,The Divine Council,,http://blocgame.com/stats.php?id=60739
Tok Jembal,The Order,,http://blocgame.com/stats.php?id=60840
Versania,The Divine Council,,http://blocgame.com/stats.php?id=63915
korea____one,,,http://blocgame.com/stats.php?id=63941
Magna Bonom,Brotherhood of Nod,,http://blocgame.com/stats.php?id=59435
kitts,PIRATES,,http://blocgame.com/stats.php?id=64269
Afpakistan,Steel Brotherhood,,http://blocgame.com/stats.php?id=64497
NationalFreedom,Brotherhood of Nod,,http://blocgame.com/stats.php?id=62085
Meiji,The Order,,http://blocgame.com/stats.php?id=63464
Ira,The Order,,http://blocgame.com/stats.php?id=62332
Ghost,The Order,,http://blocgame.com/stats.php?id=63068
South Minnesota,Steel Brotherhood,,http://blocgame.com/stats.php?id=63460
Hells Angel,The Order,1,http://blocgame.com/stats.php?id=63923
Darkplace,,,http://blocgame.com/stats.php?id=62234
Canantartica,Steel Brotherhood,,http://blocgame.com/stats.php?id=64445
West-Korea,Steel Brotherhood,,http://blocgame.com/stats.php?id=64148
The Jihad,The Order,,http://blocgame.com/stats.php?id=53434
Netland,The Order,,http://blocgame.com/stats.php?id=63148
Milano,The Divine Council,,http://blocgame.com/stats.php?id=63012
Enggor Perak,PIRATES,,http://blocgame.com/stats.php?id=60674
Baghdad Iraqi,The Divine Council,,http://blocgame.com/stats.php?id=61172
Leninstan,,,http://blocgame.com/stats.php?id=63142
bukitbendera98,PIRATES,,http://blocgame.com/stats.php?id=62501
Mobique,,,http://blocgame.com/stats.php?id=61587
Yidi Gao,,,http://blocgame.com/stats.php?id=64426
Blackpearl,PIRATES,,http://blocgame.com/stats.php?id=64309
Masterton East,Interpol,,http://blocgame.com/stats.php?id=58225
Le tits now,The Federal Colonies,,http://blocgame.com/stats.php?id=64023
Compost,The Order,,http://blocgame.com/stats.php?id=62506
Ishtar,Brotherhood of Nod,,http://blocgame.com/stats.php?id=55882
Avarice,Steel Brotherhood,,http://blocgame.com/stats.php?id=63966
Kersumsos,The Order,,http://blocgame.com/stats.php?id=46317
Vierte Reich,The Divine Council,,http://blocgame.com/stats.php?id=59580
Pahang Power,PIRATES,,http://blocgame.com/stats.php?id=60578
West Pacific,The Khilafah,,http://blocgame.com/stats.php?id=62429
DickKickem,The Order,,http://blocgame.com/stats.php?id=59772
Yar,,,http://blocgame.com/stats.php?id=62769
Zepplin,,,http://blocgame.com/stats.php?id=64512
The Boer,The Order,,http://blocgame.com/stats.php?id=55355
Rats,The Divine Council,,http://blocgame.com/stats.php?id=64509
Swedeinstan,,,http://blocgame.com/stats.php?id=39005
Poundtown,Brotherhood of Nod,,http://blocgame.com/stats.php?id=39066
Chaz,The Order,,http://blocgame.com/stats.php?id=63326
KL Lanas,PIRATES,,http://blocgame.com/stats.php?id=60623
Acirassi,The Order,,http://blocgame.com/stats.php?id=49805
Alorian,,,http://blocgame.com/stats.php?id=61749
MembumiHangus,PIRATES,,http://blocgame.com/stats.php?id=62424
Black Gold,The Order,,http://blocgame.com/stats.php?id=64027
Bahavian,The Divine Council,,http://blocgame.com/stats.php?id=54960
Hezstallah,Al-Qassam Brigades,,http://blocgame.com/stats.php?id=64096
Jurestist,,,http://blocgame.com/stats.php?id=59705
Daphnestan,The Divine Council,,http://blocgame.com/stats.php?id=59475
Chagondowidi,,,http://blocgame.com/stats.php?id=64136
Cuttlefish,Interpol,,http://blocgame.com/stats.php?id=63884
Pingaslavia,Interpol,1,http://blocgame.com/stats.php?id=6730
Isla Grande,PIRATES,,http://blocgame.com/stats.php?id=64171
Lewd Place,Lithuanian Coalition,,http://blocgame.com/stats.php?id=61620
Deuss Vult,The Order,,http://blocgame.com/stats.php?id=64697
La Federacion,The Divine Council,,http://blocgame.com/stats.php?id=64281
Rafeal,,,http://blocgame.com/stats.php?id=64358
Ebry�,The Order,,http://blocgame.com/stats.php?id=64495
Pasir Dengung,PIRATES,,http://blocgame.com/stats.php?id=60712
Alpha,Steel Brotherhood,,http://blocgame.com/stats.php?id=64279
ENdau 2,PIRATES,,http://blocgame.com/stats.php?id=64213
Chaouenne,The Divine Council,,http://blocgame.com/stats.php?id=42019
Kamikazie,PIRATES,,http://blocgame.com/stats.php?id=61783
Marigold,,,http://blocgame.com/stats.php?id=64393
Ultios,The Order,,http://blocgame.com/stats.php?id=59917
Dengue,The Khilafah,,http://blocgame.com/stats.php?id=64008
Kazilers Shoil,Brotherhood of Nod,,http://blocgame.com/stats.php?id=60641
Carteles,,,http://blocgame.com/stats.php?id=63771
Qaramur,The Order,,http://blocgame.com/stats.php?id=62861
Arganava,,,http://blocgame.com/stats.php?id=62223
new shekelstan,Brotherhood of Nod,,http://blocgame.com/stats.php?id=46292
Holy,,,http://blocgame.com/stats.php?id=60569
Ambon,The Order,,http://blocgame.com/stats.php?id=42744
Chinese Empire,The Divine Council,,http://blocgame.com/stats.php?id=54448
Spooktune,Brotherhood of Nod,,http://blocgame.com/stats.php?id=62983
Madurolandia,,,http://blocgame.com/stats.php?id=64366
Antartica,The Khilafah,,http://blocgame.com/stats.php?id=64669
Corn God,The Order,,http://blocgame.com/stats.php?id=64682
WeWuz,SPQR,,http://blocgame.com/stats.php?id=63547
Scorvia,Steel Brotherhood,,http://blocgame.com/stats.php?id=64062
Warispeace,,,http://blocgame.com/stats.php?id=64278
Cucumber Island,Interpol,,http://blocgame.com/stats.php?id=64836
Flower Hippies,Steel Brotherhood,,http://blocgame.com/stats.php?id=64563
EthariousDrag,Steel Brotherhood,,http://blocgame.com/stats.php?id=64596
Spratly,,,http://blocgame.com/stats.php?id=60451
Gerik,PIRATES,,http://blocgame.com/stats.php?id=62864
Ketroyla,The Order,,http://blocgame.com/stats.php?id=55951
qwertyuiop,The Divine Council,,http://blocgame.com/stats.php?id=59451
Mys glory,The Order,,http://blocgame.com/stats.php?id=62396
Khalifah,The Divine Council,,http://blocgame.com/stats.php?id=62665
WUBstep,Brotherhood of Nod,,http://blocgame.com/stats.php?id=39023
Jitra,The Order,,http://blocgame.com/stats.php?id=62661
MAROSTONIA,,,http://blocgame.com/stats.php?id=64019
Ironforge,Steel Brotherhood,,http://blocgame.com/stats.php?id=63135
Lahanation,The Federal Colonies,,http://blocgame.com/stats.php?id=60391
mzymz,The Order,,http://blocgame.com/stats.php?id=62580
BaniMelayu,,,http://blocgame.com/stats.php?id=61862
Gandoria,The Order,,http://blocgame.com/stats.php?id=50771
MalayaRaya,PIRATES,,http://blocgame.com/stats.php?id=60388
The Jar,The Order,,http://blocgame.com/stats.php?id=60355
Esmair,The Order,,http://blocgame.com/stats.php?id=40882
Beluncas War,PIRATES,,http://blocgame.com/stats.php?id=61487
Krovator Land,The Divine Council,,http://blocgame.com/stats.php?id=60722
Rhuer,,,http://blocgame.com/stats.php?id=63913
bulipliisia,,,http://blocgame.com/stats.php?id=64186
Subcarpathia,The Divine Council,,http://blocgame.com/stats.php?id=63976
Azari,,,http://blocgame.com/stats.php?id=64199
FlySoGood,The Divine Council,,http://blocgame.com/stats.php?id=54541
Skhrimm,Steel Brotherhood,,http://blocgame.com/stats.php?id=54756
Nanyang,The Order,,http://blocgame.com/stats.php?id=62916
Roarspekistan,Che Guevara League,,http://blocgame.com/stats.php?id=59084
RATHKEALE,,,http://blocgame.com/stats.php?id=55636
woosha,The United Nations,,http://blocgame.com/stats.php?id=58158
Arabstan,SPQR,,http://blocgame.com/stats.php?id=61659
Hatmistan,Al-Qassam Brigades,,http://blocgame.com/stats.php?id=46162
icenation,,,http://blocgame.com/stats.php?id=64337
ileristanistan,The Order,,http://blocgame.com/stats.php?id=63622
charlesxavier,,,http://blocgame.com/stats.php?id=64355
Sri Mersing,PIRATES,,http://blocgame.com/stats.php?id=64413
Niggatopia,Steel Brotherhood,,http://blocgame.com/stats.php?id=64672
Mont Blanc,,,http://blocgame.com/stats.php?id=62644
America,The Divine Council,,http://blocgame.com/stats.php?id=40167
Steins;Gate,,,http://blocgame.com/stats.php?id=64828
zener diode,,,http://blocgame.com/stats.php?id=61908
kailam,The Divine Council,,http://blocgame.com/stats.php?id=61608
Krajina,Steel Brotherhood,,http://blocgame.com/stats.php?id=62961
balemu1987,,,http://blocgame.com/stats.php?id=63972
Kotasinga,The Order,,http://blocgame.com/stats.php?id=60448
Satan kingdom,,,http://blocgame.com/stats.php?id=60809
Remote,SPQR,,http://blocgame.com/stats.php?id=61201
Kalashstan,,,http://blocgame.com/stats.php?id=64289
Toron,,,http://blocgame.com/stats.php?id=63275
GayRights,Brotherhood of Nod,,http://blocgame.com/stats.php?id=62099
Mexiga,,,http://blocgame.com/stats.php?id=64627
Ashoqa,Brotherhood of Nod,,http://blocgame.com/stats.php?id=61653
Bernie_Sanders,The Order,,http://blocgame.com/stats.php?id=63432
melayuraya,,,http://blocgame.com/stats.php?id=63546
KaIfa,Interpol,,http://blocgame.com/stats.php?id=61737
klapakistan,,,http://blocgame.com/stats.php?id=63047
MumbosMountain,Steel Brotherhood,,http://blocgame.com/stats.php?id=54444
Genowia,The Divine Council,,http://blocgame.com/stats.php?id=50839
TheTrueAsia,The Order,,http://blocgame.com/stats.php?id=64516
New Germany,The Order,,http://blocgame.com/stats.php?id=39025
Frostyputania,The Order,,http://blocgame.com/stats.php?id=42065
Sw�r�s,The Divine Council,,http://blocgame.com/stats.php?id=61466
Newport High,The Order,,http://blocgame.com/stats.php?id=62860
Perullamas,Steel Brotherhood,,http://blocgame.com/stats.php?id=64461
basetrade,,,http://blocgame.com/stats.php?id=64329
nerfprotoss,,,http://blocgame.com/stats.php?id=64362
Melengkar Alam,The Divine Council,,http://blocgame.com/stats.php?id=60554
deathtotyrants,,,http://blocgame.com/stats.php?id=64328
balancedgame,,,http://blocgame.com/stats.php?id=64345
lobai91,PIRATES,,http://blocgame.com/stats.php?id=63061
Tyblaland,The Order,,http://blocgame.com/stats.php?id=64548
Adrianopolis,,,http://blocgame.com/stats.php?id=55912
Union Mech,SPQR,,http://blocgame.com/stats.php?id=64591
Hamshiretonland,Brotherhood of Nod,,http://blocgame.com/stats.php?id=58470
East Takistan,Socialist Arab Union,,http://blocgame.com/stats.php?id=58950
�bermensch,The Order,,http://blocgame.com/stats.php?id=52438
Casa del Nolano,The Order,,http://blocgame.com/stats.php?id=45936
HCLI COG Div,The Order,,http://blocgame.com/stats.php?id=54510
Markoviakia,,,http://blocgame.com/stats.php?id=57239
ismaillian,,,http://blocgame.com/stats.php?id=64081
melakar raya,The Khilafah,,http://blocgame.com/stats.php?id=62446
\\\'Murica,,,http://blocgame.com/stats.php?id=59539
TheDankLight,The Divine Council,,http://blocgame.com/stats.php?id=60950
cancerpls,,,http://blocgame.com/stats.php?id=64297
Mata Helang,PIRATES,,http://blocgame.com/stats.php?id=64412
Sunbhistan,Brotherhood of Nod,,http://blocgame.com/stats.php?id=64796
Karipuley,PIRATES,,http://blocgame.com/stats.php?id=64454
masterspy,,,http://blocgame.com/stats.php?id=64274
Democrastan,The Order,,http://blocgame.com/stats.php?id=63132
Kuviere,,,http://blocgame.com/stats.php?id=58755
fishball,,,http://blocgame.com/stats.php?id=61050
PENGHASUT,The Order,,http://blocgame.com/stats.php?id=64637
CivilRights,The Divine Council,,http://blocgame.com/stats.php?id=64740
AloqStaq,PIRATES,,http://blocgame.com/stats.php?id=62186
siput sedut,The Divine Council,,http://blocgame.com/stats.php?id=60552
Zhongguo,The Order,,http://blocgame.com/stats.php?id=63425
Disnomica,The Divine Council,,http://blocgame.com/stats.php?id=60992
Kgkerambit,The Order,,http://blocgame.com/stats.php?id=61014
Buzir,Steel Brotherhood,,http://blocgame.com/stats.php?id=64064
Lain,The Order,,http://blocgame.com/stats.php?id=54938
Babylon-Assyria,,,http://blocgame.com/stats.php?id=64655
Crashlantis,The Order,,http://blocgame.com/stats.php?id=50932
bird land,,,http://blocgame.com/stats.php?id=61878
Thiepia,,,http://blocgame.com/stats.php?id=63846
Lopon,,,http://blocgame.com/stats.php?id=64532
Strath,,,http://blocgame.com/stats.php?id=61471
Dissapointment,The Order,,http://blocgame.com/stats.php?id=64053
Yannevia,Steel Brotherhood,,http://blocgame.com/stats.php?id=62538
ARABOBIA,,,http://blocgame.com/stats.php?id=62683
Golden Woods,,,http://blocgame.com/stats.php?id=64192
hatchblock,,,http://blocgame.com/stats.php?id=64353
wildestislands,,,http://blocgame.com/stats.php?id=64354
Tigner,The Order,,http://blocgame.com/stats.php?id=64128
Amrans fans,PIRATES,,http://blocgame.com/stats.php?id=62203
Blackwater Inc,PIRATES,,http://blocgame.com/stats.php?id=64016
Treso,,,http://blocgame.com/stats.php?id=64534
Seixal,Che Guevara League,,http://blocgame.com/stats.php?id=64079
Rising Dawn,USAS,,http://blocgame.com/stats.php?id=64681
4g93,The Order,,http://blocgame.com/stats.php?id=62122
Farm001,,,http://blocgame.com/stats.php?id=64270
Swadia,The Order,1,http://blocgame.com/stats.php?id=40011
BIOR KELANTOK,The Divine Council,,http://blocgame.com/stats.php?id=61489
pengkalan chepa,,,http://blocgame.com/stats.php?id=60742
Much War,The Order,,http://blocgame.com/stats.php?id=61645
Luskwood,The Order,,http://blocgame.com/stats.php?id=63171
Iraq,,,http://blocgame.com/stats.php?id=40446
Niorgana,The Order,,http://blocgame.com/stats.php?id=63970
Serbija,Steel Brotherhood,,http://blocgame.com/stats.php?id=62971
Tetsunoshima,,,http://blocgame.com/stats.php?id=47444
landoffensive,,,http://blocgame.com/stats.php?id=64291
San-Guan,,,http://blocgame.com/stats.php?id=51057
Fenix,,,http://blocgame.com/stats.php?id=58875
Type-Moon,,,http://blocgame.com/stats.php?id=64833
tamarin,,,http://blocgame.com/stats.php?id=62859
Zama Regia,The Order,,http://blocgame.com/stats.php?id=64126
Whole Grain,Steel Brotherhood,,http://blocgame.com/stats.php?id=64675
Formula One,SPQR,,http://blocgame.com/stats.php?id=64832
Harlostia,The Order,,http://blocgame.com/stats.php?id=64003
Kondominium,Steel Brotherhood,1,http://blocgame.com/stats.php?id=61576
Tendong,,,http://blocgame.com/stats.php?id=62178
Obsrany Chlew,Steel Brotherhood,,http://blocgame.com/stats.php?id=62973
MayMay,,,http://blocgame.com/stats.php?id=63712
rajallian,,,http://blocgame.com/stats.php?id=64144
santau,PIRATES,,http://blocgame.com/stats.php?id=64416
Al Khalifa,Steel Brotherhood,,http://blocgame.com/stats.php?id=64736
Wielkopl,Steel Brotherhood,1,http://blocgame.com/stats.php?id=42376
militaryjunta,,,http://blocgame.com/stats.php?id=64290
New Hollywood,America's Finest,,http://blocgame.com/stats.php?id=64747
Riftenland,Steel Brotherhood,,http://blocgame.com/stats.php?id=64917
Orange Julius,The Divine Council,,http://blocgame.com/stats.php?id=46049
sixpool,,,http://blocgame.com/stats.php?id=64331
Nautique,The Divine Council,,http://blocgame.com/stats.php?id=58443
Sanlucia,SPQR,,http://blocgame.com/stats.php?id=59921
Pasir Dua Butir,The Order,,http://blocgame.com/stats.php?id=60687
donaldtrump2016,,,http://blocgame.com/stats.php?id=64293
Mardonia,,,http://blocgame.com/stats.php?id=40172
rendang,PIRATES,,http://blocgame.com/stats.php?id=64630
Ashbury,,,http://blocgame.com/stats.php?id=64755
superpower,PIRATES,,http://blocgame.com/stats.php?id=64012
Velts,,,http://blocgame.com/stats.php?id=61389
Parit Sayang,,,http://blocgame.com/stats.php?id=60573
Aminia,,,http://blocgame.com/stats.php?id=59913
Qastury,PIRATES,,http://blocgame.com/stats.php?id=61699
blanco,The Order,,http://blocgame.com/stats.php?id=63245
ONE__KOREA,The Order,,http://blocgame.com/stats.php?id=63934
Hussenia,,,http://blocgame.com/stats.php?id=64528
Korhollia,,,http://blocgame.com/stats.php?id=64792
JapaneseMeme,,,http://blocgame.com/stats.php?id=64540
WHITEPOWER,,,http://blocgame.com/stats.php?id=64482
The Silver Hand,,,http://blocgame.com/stats.php?id=56161
dwan,The Order,,http://blocgame.com/stats.php?id=64598
Chetzerland,,,http://blocgame.com/stats.php?id=64680
Australia Minor,USAS,,http://blocgame.com/stats.php?id=64843
Agostino,The Order,,http://blocgame.com/stats.php?id=60229
Perez,,,http://blocgame.com/stats.php?id=64527
Abgmahdahmarah,PIRATES,,http://blocgame.com/stats.php?id=64851
Korhal,,,http://blocgame.com/stats.php?id=61310
theonehundred,,,http://blocgame.com/stats.php?id=64336
tony,,,http://blocgame.com/stats.php?id=62876
Serbiastan,,,http://blocgame.com/stats.php?id=64114
Brundenas,,,http://blocgame.com/stats.php?id=64857
Daun Pisang,Divine League,,http://blocgame.com/stats.php?id=60607
meowtopia,,,http://blocgame.com/stats.php?id=64994
Vorose,,,http://blocgame.com/stats.php?id=64535
Peopleoil,The Federal Colonies,,http://blocgame.com/stats.php?id=59041
Porter,SPQR,,http://blocgame.com/stats.php?id=45939
Priuze,Pact of Red October,,http://blocgame.com/stats.php?id=64742
Carthya,,,http://blocgame.com/stats.php?id=63949
Sungai batu,SPQR,1,http://blocgame.com/stats.php?id=64422
Yankee Doodle,,,http://blocgame.com/stats.php?id=64551
WP Kuala Lumpur,The Federal Colonies,,http://blocgame.com/stats.php?id=61633
Croatia,,,http://blocgame.com/stats.php?id=40563
Tsimshianland,,,http://blocgame.com/stats.php?id=62854
Weeabo Island,The Divine Council,,http://blocgame.com/stats.php?id=64179
East Tanzia,Socialist Arab Union,,http://blocgame.com/stats.php?id=64550
Jaymes,HellYeah,,http://blocgame.com/stats.php?id=64779
Lothl�rien001,,,http://blocgame.com/stats.php?id=64167
UzFuckIstan,,,http://blocgame.com/stats.php?id=63492
Butt Munch Land,,,http://blocgame.com/stats.php?id=58540
Berg,,,http://blocgame.com/stats.php?id=63914
jarheadwarriors,,,http://blocgame.com/stats.php?id=64228
Saimon,,,http://blocgame.com/stats.php?id=64856
Kotak Tisu,,,http://blocgame.com/stats.php?id=64958
Puddle of Mudd,Brotherhood of Nod,,http://blocgame.com/stats.php?id=64311
Ukraina,The Divine Council,,http://blocgame.com/stats.php?id=64990
Maiden,The Order,,http://blocgame.com/stats.php?id=64049
The Monarch,The Unknown,,http://blocgame.com/stats.php?id=63883
Bourbon Island,Interpol,,http://blocgame.com/stats.php?id=41247
New Gloryhole,,,http://blocgame.com/stats.php?id=64578
Double A,,,http://blocgame.com/stats.php?id=64615
Cuckoldery,The Order,,http://blocgame.com/stats.php?id=62700
eQna8,The Order,,http://blocgame.com/stats.php?id=48695
Apolosia,The Order,,http://blocgame.com/stats.php?id=64900
gloriousleader1,,,http://blocgame.com/stats.php?id=64299
weebsunite,,,http://blocgame.com/stats.php?id=64356
hollywoodundead,,,http://blocgame.com/stats.php?id=59629
povertunion,The Order,,http://blocgame.com/stats.php?id=64429
Joseon,Steel Brotherhood,,http://blocgame.com/stats.php?id=64691
Zion,The United Nations,,http://blocgame.com/stats.php?id=41496
ZY Kingdoms,The Order,1,http://blocgame.com/stats.php?id=62893
osfrog,,,http://blocgame.com/stats.php?id=64344
IRONCLAD,,,http://blocgame.com/stats.php?id=64858
Selle Isla,SPQR,,http://blocgame.com/stats.php?id=64991
Lusitan,,,http://blocgame.com/stats.php?id=58894
Shanchun,,,http://blocgame.com/stats.php?id=64897
Dredd\\\'s,Brotherhood of Nod,,http://blocgame.com/stats.php?id=62798
Peutschland,The Order,,http://blocgame.com/stats.php?id=63261
mexicanwall,,,http://blocgame.com/stats.php?id=64294
Lanun johor,The Divine Council,,http://blocgame.com/stats.php?id=64514
Hidin,,,http://blocgame.com/stats.php?id=64108
Global Empire,The Khilafah,,http://blocgame.com/stats.php?id=63986
hypocrates,Brotherhood of Nod,,http://blocgame.com/stats.php?id=64450
davidandgoliath,,,http://blocgame.com/stats.php?id=64292
Cologia,,,http://blocgame.com/stats.php?id=64890
Azhdahagate,Brotherhood of Nod,,http://blocgame.com/stats.php?id=52422
Utopia,Steel Brotherhood,,http://blocgame.com/stats.php?id=40759
Rexemus,,,http://blocgame.com/stats.php?id=64864
Rerum,,,http://blocgame.com/stats.php?id=64531
hokoo,Brotherhood of Nod,,http://blocgame.com/stats.php?id=61111
Hong Macau,,,http://blocgame.com/stats.php?id=64729
Glueyou,The Order,,http://blocgame.com/stats.php?id=63842
Joseph Stalin,,,http://blocgame.com/stats.php?id=64425
Ireldan,,,http://blocgame.com/stats.php?id=64011
galapagos1,,,http://blocgame.com/stats.php?id=64361
Dosilia,,,http://blocgame.com/stats.php?id=64904
Lakepointe,,,http://blocgame.com/stats.php?id=64908
bosspizzpls,,,http://blocgame.com/stats.php?id=64296
empire hanafi,,,http://blocgame.com/stats.php?id=64663
Soviet Prussia,Pact of Red October,,http://blocgame.com/stats.php?id=64882
Nascour,,,http://blocgame.com/stats.php?id=64525
Nazi Empire,,,http://blocgame.com/stats.php?id=64819
Rojavay�,Socialist Arab Union,,http://blocgame.com/stats.php?id=64788
pasemboq,PIRATES,,http://blocgame.com/stats.php?id=64845
Lhaos,,,http://blocgame.com/stats.php?id=65016
patelstan,Steel Brotherhood,,http://blocgame.com/stats.php?id=58837
Vape,Socialist Arab Union,,http://blocgame.com/stats.php?id=62642
Gabenistan,,,http://blocgame.com/stats.php?id=64453
Rolekia,The Warmongers,,http://blocgame.com/stats.php?id=64821
Ussk,PIRATES,,http://blocgame.com/stats.php?id=62132
DaSanese,The Order,,http://blocgame.com/stats.php?id=64610
Haramia,,,http://blocgame.com/stats.php?id=52802
kutu_babi,,,http://blocgame.com/stats.php?id=64636
Shekeltopia,The Order,,http://blocgame.com/stats.php?id=64775
Sernabia,,,http://blocgame.com/stats.php?id=64906
Guy Sebastian,,,http://blocgame.com/stats.php?id=63582
bombingsymy,,,http://blocgame.com/stats.php?id=64477
People Struggle,,,http://blocgame.com/stats.php?id=64883
Kateriae,The Order,,http://blocgame.com/stats.php?id=64503
Belac,The Federal Colonies,,http://blocgame.com/stats.php?id=64183
dendiface,,,http://blocgame.com/stats.php?id=64319
Bluedenstone,Steel Brotherhood,,http://blocgame.com/stats.php?id=58045
Colomba,,,http://blocgame.com/stats.php?id=64530
shoza,,,http://blocgame.com/stats.php?id=64797
lmaokai,,,http://blocgame.com/stats.php?id=64701
mylifeformeme,,,http://blocgame.com/stats.php?id=64829
GODLESS BLACKS,,,http://blocgame.com/stats.php?id=65030
Portland,Interpol,,http://blocgame.com/stats.php?id=51583
Chaldea,,,http://blocgame.com/stats.php?id=64774
Yamada,Steel Brotherhood,,http://blocgame.com/stats.php?id=64884
dickinmybutt,ISIS,,http://blocgame.com/stats.php?id=64780
McSkippumstan,Interpol,,http://blocgame.com/stats.php?id=4944
Kolisnia,Pact of Red October,,http://blocgame.com/stats.php?id=64822
newbeerpg,,,http://blocgame.com/stats.php?id=64880
Rare_Pepes,The Order,,http://blocgame.com/stats.php?id=63313
Bratavia,,,http://blocgame.com/stats.php?id=60351
Military101,,,http://blocgame.com/stats.php?id=64273
Made of Beans,HellYeah,,http://blocgame.com/stats.php?id=64806
ID 309,Brotherhood of Nod,,http://blocgame.com/stats.php?id=64985
yeeeet,,,http://blocgame.com/stats.php?id=59818
SuperDuper,,,http://blocgame.com/stats.php?id=64894
Cavetta,Pact of Red October,,http://blocgame.com/stats.php?id=64933
Rostock,,,http://blocgame.com/stats.php?id=40376
Galifrey,,,http://blocgame.com/stats.php?id=51939
Planeptune,Interpol,,http://blocgame.com/stats.php?id=55590
switzerdouch,,,http://blocgame.com/stats.php?id=58997
Jigaboo Tribe,,,http://blocgame.com/stats.php?id=65027
Dumbdumb,,,http://blocgame.com/stats.php?id=63201
Hogwr,,,http://blocgame.com/stats.php?id=64807
Casto Rico,SPQR,,http://blocgame.com/stats.php?id=64885
wonker,,,http://blocgame.com/stats.php?id=64896
qwertyuioppp,Brotherhood of Nod,,http://blocgame.com/stats.php?id=61873
deicide,HellYeah,,http://blocgame.com/stats.php?id=64818
Samgrad,,,http://blocgame.com/stats.php?id=64844
Galliana,,,http://blocgame.com/stats.php?id=64861
Silveran,,,http://blocgame.com/stats.php?id=64873
vrandirland,,,http://blocgame.com/stats.php?id=64916
cuba5587,,,http://blocgame.com/stats.php?id=60080
Lantany,,,http://blocgame.com/stats.php?id=64529
Picanninia,Uncivilized Africans,,http://blocgame.com/stats.php?id=64400
Darken,,,http://blocgame.com/stats.php?id=64823
York Island,PIRATES,,http://blocgame.com/stats.php?id=64122
damnbro,,,http://blocgame.com/stats.php?id=64705
Yummy,,,http://blocgame.com/stats.php?id=64911
Westeria North,,,http://blocgame.com/stats.php?id=64948
Angles,SPQR,,http://blocgame.com/stats.php?id=62095
Irrelevant,The United Nations,,http://blocgame.com/stats.php?id=64032
PadangJarak,,,http://blocgame.com/stats.php?id=64954
Minnikonia,Minnikolisnia Treaty,,http://blocgame.com/stats.php?id=64847
Liberstine,,,http://blocgame.com/stats.php?id=64634
Blake Island,PIRATES,,http://blocgame.com/stats.php?id=64105
Chinkostan,The Order,,http://blocgame.com/stats.php?id=64521
Fiddle Dogs,The Divine Council,,http://blocgame.com/stats.php?id=59470
Tesoro,,,http://blocgame.com/stats.php?id=64524
FuckPussyStan,,,http://blocgame.com/stats.php?id=64781
Fanboys,Comintern,,http://blocgame.com/stats.php?id=64178
GRAVYPIPE,SPQR,,http://blocgame.com/stats.php?id=64560
Zanyaristan,Pact of Red October,,http://blocgame.com/stats.php?id=64891
Wessex,,,http://blocgame.com/stats.php?id=64910
Demolunatics,,,http://blocgame.com/stats.php?id=59515
Trumperwave,,,http://blocgame.com/stats.php?id=64868
Slavistan,,,http://blocgame.com/stats.php?id=64113
Well Bad,,,http://blocgame.com/stats.php?id=65032
penang fc,PIRATES,,http://blocgame.com/stats.php?id=64923
Poorfags,Steel Brotherhood,,http://blocgame.com/stats.php?id=64871
Lork,,,http://blocgame.com/stats.php?id=64526
Macedonain,,,http://blocgame.com/stats.php?id=64925
star,The Divine Council,,http://blocgame.com/stats.php?id=64928
South yemen,,,http://blocgame.com/stats.php?id=50446
Kelvenia,,,http://blocgame.com/stats.php?id=61410
Anthony,,,http://blocgame.com/stats.php?id=62825
Egyiptias,,,http://blocgame.com/stats.php?id=64926
Billybobjoe,,,http://blocgame.com/stats.php?id=64929
Mooncrickets,,,http://blocgame.com/stats.php?id=65029
Notrealistan,FuckFishy,,http://blocgame.com/stats.php?id=64801
mentari,SPQR,,http://blocgame.com/stats.php?id=64986
sultallian,,,http://blocgame.com/stats.php?id=64119
nbaworthy,,,http://blocgame.com/stats.php?id=64295
beyondthesummit,,,http://blocgame.com/stats.php?id=64320
merlinidota,,,http://blocgame.com/stats.php?id=64846
Sahuarita,,,http://blocgame.com/stats.php?id=64889
argentina,Che Guevara League,,http://blocgame.com/stats.php?id=39074
Rhodies,,,http://blocgame.com/stats.php?id=63706
Codani,,,http://blocgame.com/stats.php?id=64913
BokoHaram,,,http://blocgame.com/stats.php?id=64953
Flipon,,,http://blocgame.com/stats.php?id=64976
fuckmejerry,The Order,,http://blocgame.com/stats.php?id=64451
Rucova,,,http://blocgame.com/stats.php?id=64939
Sg Api,,,http://blocgame.com/stats.php?id=64798
PMAOA,,,http://blocgame.com/stats.php?id=54574
Dacoromania,,,http://blocgame.com/stats.php?id=59402
Comasaki,,,http://blocgame.com/stats.php?id=64919
Seraph,Interpol,,http://blocgame.com/stats.php?id=64949
Tacotopia,,,http://blocgame.com/stats.php?id=64987
Kingdom states,,,http://blocgame.com/stats.php?id=64464
Hoshimori,,,http://blocgame.com/stats.php?id=64924
New Cuba,,,http://blocgame.com/stats.php?id=64950
Liberteria,,,http://blocgame.com/stats.php?id=64978
macai,Steel Brotherhood,,http://blocgame.com/stats.php?id=65044
Sakajawia,,,http://blocgame.com/stats.php?id=52810
Necessidades,Steel Brotherhood,,http://blocgame.com/stats.php?id=63925
Aristocria,Socialist Arab Union,,http://blocgame.com/stats.php?id=64850
Hexis,The Divine Council,,http://blocgame.com/stats.php?id=57551
Mer Perle,,,http://blocgame.com/stats.php?id=64905
Corpos,,,http://blocgame.com/stats.php?id=64962
City 17,,,http://blocgame.com/stats.php?id=64980
Plazania,,,http://blocgame.com/stats.php?id=64968
Svetia,,,http://blocgame.com/stats.php?id=64876
giff2gd,,,http://blocgame.com/stats.php?id=64878
lennyface,,,http://blocgame.com/stats.php?id=64879
red,Steel Brotherhood,,http://blocgame.com/stats.php?id=64927
Magrathea,,,http://blocgame.com/stats.php?id=64984
Niggerwagia,,,http://blocgame.com/stats.php?id=64942
the Maniolas,,,http://blocgame.com/stats.php?id=64957
teamliquid,,,http://blocgame.com/stats.php?id=64841
tsmyellowstar,,,http://blocgame.com/stats.php?id=64852
Koreochina,USAS,,http://blocgame.com/stats.php?id=64961
Hazelnut Union,,,http://blocgame.com/stats.php?id=64983
ACROSS,,,http://blocgame.com/stats.php?id=64992
Tom and Jerry,,,http://blocgame.com/stats.php?id=64288
egsumail,,,http://blocgame.com/stats.php?id=64848
Memerusys,,,http://blocgame.com/stats.php?id=64947
Palm,,,http://blocgame.com/stats.php?id=64959
aspete lapete,,,http://blocgame.com/stats.php?id=64915
Brentica,,,http://blocgame.com/stats.php?id=64922
Asgurd,The Order,,http://blocgame.com/stats.php?id=64960
Novonia,,,http://blocgame.com/stats.php?id=64536
Sadanca,HellYeah,,http://blocgame.com/stats.php?id=64805
dbeedell,,,http://blocgame.com/stats.php?id=64830
jaydensmith,,,http://blocgame.com/stats.php?id=64831
Numeria,,,http://blocgame.com/stats.php?id=42223
identitiesys,,,http://blocgame.com/stats.php?id=64475
Nikomahovska,,,http://blocgame.com/stats.php?id=64931
Azerthia,,,http://blocgame.com/stats.php?id=64932
Baxten,,,http://blocgame.com/stats.php?id=64934
Petrova,League of Nations,,http://blocgame.com/stats.php?id=64938
BULWELL,,,http://blocgame.com/stats.php?id=64946
Brikania,,,http://blocgame.com/stats.php?id=64998
Themida,,,http://blocgame.com/stats.php?id=65000
Abu Khanatra,,,http://blocgame.com/stats.php?id=65001
Saladah,SPQR,,http://blocgame.com/stats.php?id=65004
Statzen,,,http://blocgame.com/stats.php?id=65005
jdlkasfh,,,http://blocgame.com/stats.php?id=65009
Iron_kid14,,,http://blocgame.com/stats.php?id=65010
Columbiana,,,http://blocgame.com/stats.php?id=65014
New Sandez,,,http://blocgame.com/stats.php?id=65017
Boru,The United Nations,,http://blocgame.com/stats.php?id=61318
Sodia,,,http://blocgame.com/stats.php?id=64944
Triscaria,,,http://blocgame.com/stats.php?id=62313
Coriloni,Interpol,,http://blocgame.com/stats.php?id=64892
Dormund,,,http://blocgame.com/stats.php?id=64899
Mulan,,,http://blocgame.com/stats.php?id=64956
Lamigrastan,,,http://blocgame.com/stats.php?id=46152
New Indochina,420 Empire,,http://blocgame.com/stats.php?id=64713
Arentina,,,http://blocgame.com/stats.php?id=64930
The Lost,,,http://blocgame.com/stats.php?id=40441
SteelSoul,,,http://blocgame.com/stats.php?id=50406
SomaliFarmers,,,http://blocgame.com/stats.php?id=64225
Mosl,,,http://blocgame.com/stats.php?id=64810
Belginia,,,http://blocgame.com/stats.php?id=64895
burning bush,,,http://blocgame.com/stats.php?id=64898
Krisdons,,,http://blocgame.com/stats.php?id=64909
Trollkaku,,,http://blocgame.com/stats.php?id=65012
Domland,,,http://blocgame.com/stats.php?id=65018
Yuck,,,http://blocgame.com/stats.php?id=65019
Brytopia,,,http://blocgame.com/stats.php?id=65021
Maratoba,The Khilafah,,http://blocgame.com/stats.php?id=49807
Musso,,,http://blocgame.com/stats.php?id=64809
Kryzirstan,,,http://blocgame.com/stats.php?id=64854
North Oman,Steel Brotherhood,,http://blocgame.com/stats.php?id=9620
Firestar,Steel Brotherhood,,http://blocgame.com/stats.php?id=64695
Kyra,,,http://blocgame.com/stats.php?id=64989
Chainah,Steel Brotherhood,,http://blocgame.com/stats.php?id=65034
Indian cobra,,,http://blocgame.com/stats.php?id=64677
Tokai,The Order,,http://blocgame.com/stats.php?id=64972
Nueva Coasta,,,http://blocgame.com/stats.php?id=65037
NiGhTsLaYeR,Republic of China,,http://blocgame.com/stats.php?id=65040
WorldOfPeace,,,http://blocgame.com/stats.php?id=60677
Velum,,,http://blocgame.com/stats.php?id=64811
Qing Benjgn,,,http://blocgame.com/stats.php?id=64997
Fairohaal,,,http://blocgame.com/stats.php?id=65033
Alterrum,,,http://blocgame.com/stats.php?id=65041
Snusers,The Order,,http://blocgame.com/stats.php?id=58336
Ramen,Shkreli's Soldiers,,http://blocgame.com/stats.php?id=64803
Misto,,,http://blocgame.com/stats.php?id=64812
Minnes,,,http://blocgame.com/stats.php?id=64814
Richyland,,,http://blocgame.com/stats.php?id=64967
Herp Derp,,,http://blocgame.com/stats.php?id=40664
Gumniaki,,,http://blocgame.com/stats.php?id=61536
Saladia,,,http://blocgame.com/stats.php?id=64886
Romalonia,,,http://blocgame.com/stats.php?id=64888
SKYTRAIL,,,http://blocgame.com/stats.php?id=64995
Gondollin,,,http://blocgame.com/stats.php?id=65003
Zhenyx,,1,http://blocgame.com/stats.php?id=65024
Borns,,,http://blocgame.com/stats.php?id=65049
Noscopia,,,http://blocgame.com/stats.php?id=65052
Huka,,,http://blocgame.com/stats.php?id=64966
Paripolis,,,http://blocgame.com/stats.php?id=65023
Korkan,,,http://blocgame.com/stats.php?id=65053
Gran Brazil,,,http://blocgame.com/stats.php?id=65057
bokunopico,,,http://blocgame.com/stats.php?id=64827
nadota,,,http://blocgame.com/stats.php?id=64838
Coalition,,,http://blocgame.com/stats.php?id=65008
Sengala,,,http://blocgame.com/stats.php?id=56035
Niggertonia,,,http://blocgame.com/stats.php?id=57789
COIN Operations,,,http://blocgame.com/stats.php?id=65035
Flodden,,,http://blocgame.com/stats.php?id=65046
Caisetto,,,http://blocgame.com/stats.php?id=65047
Kyranon,,,http://blocgame.com/stats.php?id=65048
Mom,United Nations #2,,http://blocgame.com/stats.php?id=65051
Golden Nigeria,,,http://blocgame.com/stats.php?id=65059
Kyloa,,,http://blocgame.com/stats.php?id=65060
Jackal,,,http://blocgame.com/stats.php?id=65063
Manitoba,,,http://blocgame.com/stats.php?id=65065
Mazov,,,http://blocgame.com/stats.php?id=64533
Ventures,Federation,,http://blocgame.com/stats.php?id=64951
tongkatali,,,http://blocgame.com/stats.php?id=64973
WolfEinstein,Conservadorism,,http://blocgame.com/stats.php?id=65025
Gerboria,,,http://blocgame.com/stats.php?id=65061
Helghast Union,,,http://blocgame.com/stats.php?id=64762
Creamy Meme,HellYeah,,http://blocgame.com/stats.php?id=64874
S O M A,Seafour,,http://blocgame.com/stats.php?id=64981
Gold Coast,Steel Brotherhood,,http://blocgame.com/stats.php?id=64988
$ Weed,,,http://blocgame.com/stats.php?id=58410
Mortdecai,,,http://blocgame.com/stats.php?id=65055
Svensvar,JIMJAM\\\'s army,,http://blocgame.com/stats.php?id=65079
Koligras,,,http://blocgame.com/stats.php?id=64741
Shaanxi,,,http://blocgame.com/stats.php?id=65020
Nemesqr,,,http://blocgame.com/stats.php?id=65066
Petravoski,,,http://blocgame.com/stats.php?id=65067
ratdotabestdota,,,http://blocgame.com/stats.php?id=64316
broxtonia,,,http://blocgame.com/stats.php?id=64993
United South,,,http://blocgame.com/stats.php?id=65022
Grenan,,,http://blocgame.com/stats.php?id=65069
Airmahal,,,http://blocgame.com/stats.php?id=65073
Nackeezanadoom,The people,,http://blocgame.com/stats.php?id=65075
mold,,,http://blocgame.com/stats.php?id=65076
Ebica,,,http://blocgame.com/stats.php?id=65080
Ken,,,http://blocgame.com/stats.php?id=64859
Antiquia,,,http://blocgame.com/stats.php?id=64863
Angola-Zaire,,,http://blocgame.com/stats.php?id=64865
Egyptania,,,http://blocgame.com/stats.php?id=64866
LucKingdom,,,http://blocgame.com/stats.php?id=65050
Comeau,,,http://blocgame.com/stats.php?id=64039
Sovjet Unie,,,http://blocgame.com/stats.php?id=65070
Patriots,,,http://blocgame.com/stats.php?id=65071
Oderint,Islamic Rome,,http://blocgame.com/stats.php?id=65072
Nerouglia,Islamic Rome,,http://blocgame.com/stats.php?id=65077
Levinthia,,,http://blocgame.com/stats.php?id=60720
Mono,Seafour,,http://blocgame.com/stats.php?id=64979
Zaetoria,,,http://blocgame.com/stats.php?id=64999
Varrock,,,http://blocgame.com/stats.php?id=65043
Novarossiya,,,http://blocgame.com/stats.php?id=65064
Travland,O.N.S.S.,,http://blocgame.com/stats.php?id=65087
Democritusius,,,http://blocgame.com/stats.php?id=60416
Corduene,,,http://blocgame.com/stats.php?id=62173
laclippers,,,http://blocgame.com/stats.php?id=64706
outplayed,,,http://blocgame.com/stats.php?id=64714
supplyblock,,,http://blocgame.com/stats.php?id=64715
ninjasinpyjamas,,,http://blocgame.com/stats.php?id=64730
ktrolster,,,http://blocgame.com/stats.php?id=64733
cjentus,,,http://blocgame.com/stats.php?id=64735
Bearlong,,,http://blocgame.com/stats.php?id=64936
kebulur,The Order,,http://blocgame.com/stats.php?id=64971
Mauritius,,,http://blocgame.com/stats.php?id=65031
Venegazuela,,,http://blocgame.com/stats.php?id=65045
swymer,free people,,http://blocgame.com/stats.php?id=65084
WhitePeeple,,,http://blocgame.com/stats.php?id=65085
Soviet Nihon,New Pacific Order,,http://blocgame.com/stats.php?id=65086
Acrosia,,,http://blocgame.com/stats.php?id=65088
Kanye2020,,,http://blocgame.com/stats.php?id=65089
Mehrheiz,,,http://blocgame.com/stats.php?id=65090
alyasan,,,http://blocgame.com/stats.php?id=65091
Novelle,,,http://blocgame.com/stats.php?id=64941
Lucianstan,Brotherhood of Nod,,http://blocgame.com/stats.php?id=50168
Whataburger,,,http://blocgame.com/stats.php?id=50913
logictech,Steel Brotherhood,,http://blocgame.com/stats.php?id=64969
Panarasia,,,http://blocgame.com/stats.php?id=64860
Kaylin,,,http://blocgame.com/stats.php?id=65036
Newasher,,,http://blocgame.com/stats.php?id=64940
Ahmadica,,,http://blocgame.com/stats.php?id=65011
Yamaguchi Gumi,,,http://blocgame.com/stats.php?id=65092
eddylane,,,http://blocgame.com/stats.php?id=64920
Jamac,,,http://blocgame.com/stats.php?id=60825
SG UDANG,,,http://blocgame.com/stats.php?id=65074
Africa,,,http://blocgame.com/stats.php?id=40083
bars,HellYeah,,http://blocgame.com/stats.php?id=64862
Yarzulem,,,http://blocgame.com/stats.php?id=64887
nodazia,,,http://blocgame.com/stats.php?id=64952
lolwuts,,,http://blocgame.com/stats.php?id=64704
New Diogris,,,http://blocgame.com/stats.php?id=64964
DerpSideistan,,,http://blocgame.com/stats.php?id=40440
Turan Devleti,,,http://blocgame.com/stats.php?id=64982
Tawah,,,http://blocgame.com/stats.php?id=65042
Boomer,Axis,,http://blocgame.com/stats.php?id=65081
Hall,,,http://blocgame.com/stats.php?id=64935
Esnia,,,http://blocgame.com/stats.php?id=55465
Lipo2,,,http://blocgame.com/stats.php?id=64808
navifanboy,,,http://blocgame.com/stats.php?id=64317
marshawnlynch,,,http://blocgame.com/stats.php?id=64709
richtexan,,,http://blocgame.com/stats.php?id=64711
teamsolomid,,,http://blocgame.com/stats.php?id=64732
afreecafreecs,,,http://blocgame.com/stats.php?id=64734
notidehunter,,,http://blocgame.com/stats.php?id=64849
Vardosky,,,http://blocgame.com/stats.php?id=62023
BrownPeople,Socialist Arab Union,,http://blocgame.com/stats.php?id=64484
Wolfveiria,Steel Brotherhood,,http://blocgame.com/stats.php?id=64523
Arborline,,,http://blocgame.com/stats.php?id=64963
Nuka-Cola,,,http://blocgame.com/stats.php?id=64893
ggwplol,,,http://blocgame.com/stats.php?id=64707
southern myr,,,http://blocgame.com/stats.php?id=60804
thuglife,,,http://blocgame.com/stats.php?id=64840
Immunidad,,,http://blocgame.com/stats.php?id=64955
Ruberduck,The Holy Knights,,http://blocgame.com/stats.php?id=64662
ZY,PIRATES,,http://blocgame.com/stats.php?id=64559
admiral haz,The Order,,http://blocgame.com/stats.php?id=60473
ethiopistan,,,http://blocgame.com/stats.php?id=44804
Hitiki,,,http://blocgame.com/stats.php?id=64907
Svalbard,,,http://blocgame.com/stats.php?id=64943
Asmern,,,http://blocgame.com/stats.php?id=53700
