country,alliance,pageUrl,uranium
Platypus Island,SPQR,http://blocgame.com/stats.php?id=63909,
Lyranistan,Brotherhood of Nod,http://blocgame.com/stats.php?id=56860,2
Morovistan,The Divine Council,http://blocgame.com/stats.php?id=62905,
Tuonela,The Order,http://blocgame.com/stats.php?id=389,
Newsoka,The Divine Council,http://blocgame.com/stats.php?id=63105,
Aasyria,The Order,http://blocgame.com/stats.php?id=60967,
whitmanistan,The Order,http://blocgame.com/stats.php?id=36344,
Nerdia,Brotherhood of Nod,http://blocgame.com/stats.php?id=56451,1
LOCAI,Brotherhood of Nod,http://blocgame.com/stats.php?id=53011,
Asians,The Divine Council,http://blocgame.com/stats.php?id=41551,
Uzbekistanstan,The Order,http://blocgame.com/stats.php?id=47207,
Eastasia,The Order,http://blocgame.com/stats.php?id=63527,
Sovngarde,The Order,http://blocgame.com/stats.php?id=62626,
Laurence,Brotherhood of Nod,http://blocgame.com/stats.php?id=49637,1
VinnyNation,Brotherhood of Nod,http://blocgame.com/stats.php?id=62972,
Mirah,The Order,http://blocgame.com/stats.php?id=64191,
Kosan,The Divine Council,http://blocgame.com/stats.php?id=59227,
Ken no Taiyou,The Order,http://blocgame.com/stats.php?id=64029,
Raja Udang,PIRATES,http://blocgame.com/stats.php?id=61754,
Rome Reloaded,SPQR,http://blocgame.com/stats.php?id=1421,
Hitlerwasright,The Order,http://blocgame.com/stats.php?id=59621,
Markovia,The Federal Colonies,http://blocgame.com/stats.php?id=58369,
USSR,The Order,http://blocgame.com/stats.php?id=54182,
Coccoladia,The Federal Colonies,http://blocgame.com/stats.php?id=40289,
Shambala,Brotherhood of Nod,http://blocgame.com/stats.php?id=41268,
Batu putih,The Federal Colonies,http://blocgame.com/stats.php?id=61926,
Morjei,The Divine Council,http://blocgame.com/stats.php?id=53068,
Alamo,SPQR,http://blocgame.com/stats.php?id=40536,
Brutish Empire,SPQR,http://blocgame.com/stats.php?id=57265,
Lorigan,The Divine Council,http://blocgame.com/stats.php?id=59787,
Tamarlania,The Order,http://blocgame.com/stats.php?id=61626,
Glubistan,SPQR,http://blocgame.com/stats.php?id=63027,
Krakozhia,Interpol,http://blocgame.com/stats.php?id=39065,
Harezland,The Order,http://blocgame.com/stats.php?id=60587,
Mesopotamia,The Order,http://blocgame.com/stats.php?id=42045,
Femtonesia,Comintern,http://blocgame.com/stats.php?id=63083,
KingBding,The Order,http://blocgame.com/stats.php?id=63205,
Skekenhouse,The Order,http://blocgame.com/stats.php?id=62962,
Junovia,Interpol,http://blocgame.com/stats.php?id=63088,
Salama�a,The Order,http://blocgame.com/stats.php?id=63383,
south nation,PIRATES,http://blocgame.com/stats.php?id=61911,
Mingland,Brotherhood of Nod,http://blocgame.com/stats.php?id=63922,
Cameronia,Steel Brotherhood,http://blocgame.com/stats.php?id=62688,
The NLR,The Order,http://blocgame.com/stats.php?id=49701,
temasik,SPQR,http://blocgame.com/stats.php?id=62827,
Asiana,The Divine Council,http://blocgame.com/stats.php?id=62221,
Tron,Brotherhood of Nod,http://blocgame.com/stats.php?id=62967,2
Byzantium,Steel Brotherhood,http://blocgame.com/stats.php?id=41125,
nanas,The Divine Council,http://blocgame.com/stats.php?id=61809,
Mzab,Steel Brotherhood,http://blocgame.com/stats.php?id=63775,
Sintra,The Order,http://blocgame.com/stats.php?id=63167,
constania,The Divine Council,http://blocgame.com/stats.php?id=62606,
Lombardy,The Order,http://blocgame.com/stats.php?id=63882,
Southern Africa,The Order,http://blocgame.com/stats.php?id=48410,
CTSKRR,The Divine Council,http://blocgame.com/stats.php?id=60811,
Lothl�rien,,http://blocgame.com/stats.php?id=64165,
Mmhat,The Divine Council,http://blocgame.com/stats.php?id=45846,
Crimea,The Order,http://blocgame.com/stats.php?id=2570,
Ghost Shark,PIRATES,http://blocgame.com/stats.php?id=63863,
Jebawka,The Order,http://blocgame.com/stats.php?id=54304,
Conrad,SPQR,http://blocgame.com/stats.php?id=62640,
Neechanville,Steel Brotherhood,http://blocgame.com/stats.php?id=63023,
Alexandrastan,Brotherhood of Nod,http://blocgame.com/stats.php?id=39070,
Lubekran,Interpol,http://blocgame.com/stats.php?id=62568,
Lemonstan,Brotherhood of Nod,http://blocgame.com/stats.php?id=40048,4
Russophia,SPQR,http://blocgame.com/stats.php?id=54426,
Sepidajistan,Steel Brotherhood,http://blocgame.com/stats.php?id=59462,
Ferma,The Order,http://blocgame.com/stats.php?id=58784,
Deagle Nation!,Brotherhood of Nod,http://blocgame.com/stats.php?id=63100,
Ivalice,Interpol,http://blocgame.com/stats.php?id=63060,
New Luzon,The Order,http://blocgame.com/stats.php?id=63066,
Leinad,The Order,http://blocgame.com/stats.php?id=59332,
Almania,Brotherhood of Nod,http://blocgame.com/stats.php?id=51725,
Classia,Steel Brotherhood,http://blocgame.com/stats.php?id=63652,
Cubania,The Order,http://blocgame.com/stats.php?id=47349,
Jemut,PIRATES,http://blocgame.com/stats.php?id=61811,
Psilocybis,Brotherhood of Nod,http://blocgame.com/stats.php?id=62795,
South Uganda,The Divine Council,http://blocgame.com/stats.php?id=63128,
Treehouse,The Divine Council,http://blocgame.com/stats.php?id=58889,
Texastan,Interpol,http://blocgame.com/stats.php?id=58149,
Thair,The Order,http://blocgame.com/stats.php?id=60955,
SettingMoon,The Order,http://blocgame.com/stats.php?id=62839,
Selja,Brotherhood of Nod,http://blocgame.com/stats.php?id=63172,
Drelinka,SPQR,http://blocgame.com/stats.php?id=61556,
Bloodied Stools,The Divine Council,http://blocgame.com/stats.php?id=56997,
Feffiopia,The Divine Council,http://blocgame.com/stats.php?id=46505,
Rhod3sia,The Order,http://blocgame.com/stats.php?id=52679,
Tamil Kingdom,The Order,http://blocgame.com/stats.php?id=60964,
Biji Kurdistan,Brotherhood of Nod,http://blocgame.com/stats.php?id=52906,
SOPF,The United Nations,http://blocgame.com/stats.php?id=62841,
kweensnkans,,http://blocgame.com/stats.php?id=63345,
kobisbunga,Brotherhood of Nod,http://blocgame.com/stats.php?id=61609,
Puerto Libre,The Federal Colonies,http://blocgame.com/stats.php?id=61883,
Slavostan,Interpol,http://blocgame.com/stats.php?id=48188,1
Manturia-Korea,,http://blocgame.com/stats.php?id=64188,
the Haunted,The Order,http://blocgame.com/stats.php?id=63020,
Potatopia,Brotherhood of Nod,http://blocgame.com/stats.php?id=54037,
Deklain,The Divine Council,http://blocgame.com/stats.php?id=57066,
Silverra,PIRATES,http://blocgame.com/stats.php?id=61729,
Etiwan,The Divine Council,http://blocgame.com/stats.php?id=60056,
durkastan,SPQR,http://blocgame.com/stats.php?id=40488,
Empyrea,The Order,http://blocgame.com/stats.php?id=49411,
Johor,PIRATES,http://blocgame.com/stats.php?id=60442,
nation name,Interpol,http://blocgame.com/stats.php?id=49652,1
Psychotropia,Brotherhood of Nod,http://blocgame.com/stats.php?id=64125,
Petai Belalang,PIRATES,http://blocgame.com/stats.php?id=60767,
Dondang Sayang,PIRATES,http://blocgame.com/stats.php?id=60628,
Walletia,The United Nations,http://blocgame.com/stats.php?id=62978,
Zinlandia,Steel Brotherhood,http://blocgame.com/stats.php?id=45831,
Eastern Eagle,Brotherhood of Nod,http://blocgame.com/stats.php?id=63045,
Gammaria,The Order,http://blocgame.com/stats.php?id=64334,
Cyleia,,http://blocgame.com/stats.php?id=62784,
Communistutopia,The Order,http://blocgame.com/stats.php?id=49796,
Pingaslavia,Interpol,http://blocgame.com/stats.php?id=6730,1
Buchepalia,Brotherhood of Nod,http://blocgame.com/stats.php?id=60734,
shair,The Divine Council,http://blocgame.com/stats.php?id=62199,
the murloc,Steel Brotherhood,http://blocgame.com/stats.php?id=63727,
Ekodebota,The Divine Council,http://blocgame.com/stats.php?id=53422,
Inderapura,PIRATES,http://blocgame.com/stats.php?id=62928,
Syphirious,Interpol,http://blocgame.com/stats.php?id=59670,
Crayola,The Order,http://blocgame.com/stats.php?id=63958,
Jerung Hantu,,http://blocgame.com/stats.php?id=60505,
Borneon,PIRATES,http://blocgame.com/stats.php?id=61947,4
Kilij,The Order,http://blocgame.com/stats.php?id=63687,
Chūya,The Order,http://blocgame.com/stats.php?id=63950,
Dess,The Order,http://blocgame.com/stats.php?id=63586,
North Nubia,,http://blocgame.com/stats.php?id=63084,
malapetaka,The Divine Council,http://blocgame.com/stats.php?id=60813,
Zanyslavia,The Khilafah,http://blocgame.com/stats.php?id=41452,
Valtania,The Federal Colonies,http://blocgame.com/stats.php?id=62525,
SUNGAI KERAK,PIRATES,http://blocgame.com/stats.php?id=61710,1
Crapostan,Brotherhood of Nod,http://blocgame.com/stats.php?id=44789,
pelle,The Order,http://blocgame.com/stats.php?id=52372,
Reim,The Divine Council,http://blocgame.com/stats.php?id=41073,
Kekistonia,The Order,http://blocgame.com/stats.php?id=63476,
Derse Moon,The Order,http://blocgame.com/stats.php?id=62965,
venua,The Order,http://blocgame.com/stats.php?id=54363,
Tandak,PIRATES,http://blocgame.com/stats.php?id=62201,
Langgarpura,The Order,http://blocgame.com/stats.php?id=60629,
Aryana,Steel Brotherhood,http://blocgame.com/stats.php?id=2313,
Niggerito,SPQR,http://blocgame.com/stats.php?id=63087,
Genocidia,The Divine Council,http://blocgame.com/stats.php?id=41291,
Cancer,The Order,http://blocgame.com/stats.php?id=58745,
Northmarch,PIRATES,http://blocgame.com/stats.php?id=41629,
Nueva Galicia,Che Guevara League,http://blocgame.com/stats.php?id=60349,
Kelate.net,PIRATES,http://blocgame.com/stats.php?id=61907,1
Bananarama,Brotherhood of Nod,http://blocgame.com/stats.php?id=62710,
Hivemindia,The Order,http://blocgame.com/stats.php?id=63286,
New Caucasus,The Order,http://blocgame.com/stats.php?id=4392,
Brohan,Brotherhood of Nod,http://blocgame.com/stats.php?id=40340,
KakMahPower,PIRATES,http://blocgame.com/stats.php?id=60656,
National_East,Steel Brotherhood,http://blocgame.com/stats.php?id=61888,
Nuwe Rhodesia,The Order,http://blocgame.com/stats.php?id=6338,
Greatest Ally,Brotherhood of Nod,http://blocgame.com/stats.php?id=49097,
Wernston,Illuminati,http://blocgame.com/stats.php?id=63951,
Huangdi,The Divine Council,http://blocgame.com/stats.php?id=59776,
Eleuthera,420 Empire,http://blocgame.com/stats.php?id=63029,
Safavid Persia,The Order,http://blocgame.com/stats.php?id=63199,
Libratio,Steel Brotherhood,http://blocgame.com/stats.php?id=40370,
Swagvila,The Divine Council,http://blocgame.com/stats.php?id=45990,
Kulunkjin,SPQR,http://blocgame.com/stats.php?id=62604,
Zen killer,The Divine Council,http://blocgame.com/stats.php?id=63107,
Burke Tome,Brotherhood of Nod,http://blocgame.com/stats.php?id=63028,
Veganism,,http://blocgame.com/stats.php?id=46041,
Guadianstan,Steel Brotherhood,http://blocgame.com/stats.php?id=63250,
Puella-Magia,Brotherhood of Nod,http://blocgame.com/stats.php?id=35958,
Parameswara,Brotherhood of Nod,http://blocgame.com/stats.php?id=56360,
S�l,Lithuanian Coalition,http://blocgame.com/stats.php?id=61589,
Tyanra,SPQR,http://blocgame.com/stats.php?id=60365,1
Efren,Steel Brotherhood,http://blocgame.com/stats.php?id=62725,
Junoma,Steel Brotherhood,http://blocgame.com/stats.php?id=40349,1
Targaria,SPQR,http://blocgame.com/stats.php?id=42946,
Kritch,Steel Brotherhood,http://blocgame.com/stats.php?id=63155,4
Bluegene/Q,The Divine Council,http://blocgame.com/stats.php?id=61506,
Addin-territory,PIRATES,http://blocgame.com/stats.php?id=62712,
Kozakura,The Divine Council,http://blocgame.com/stats.php?id=48894,
ADAMLAND,The Order,http://blocgame.com/stats.php?id=60764,
Alohaha,,http://blocgame.com/stats.php?id=57669,
Kyranistan,,http://blocgame.com/stats.php?id=61263,
Top Hat,Brotherhood of Nod,http://blocgame.com/stats.php?id=61121,
Kukulala,The Divine Council,http://blocgame.com/stats.php?id=60796,
HARDGAY♂,The Order,http://blocgame.com/stats.php?id=63324,
Celtic Nations,Brotherhood of Nod,http://blocgame.com/stats.php?id=7511,
BOOP,Steel Brotherhood,http://blocgame.com/stats.php?id=58737,
Fongelesia,The Divine Council,http://blocgame.com/stats.php?id=63041,
Savannah,Steel Brotherhood,http://blocgame.com/stats.php?id=49817,1
Novaya,The Order,http://blocgame.com/stats.php?id=62840,
Malaysia Raya,PIRATES,http://blocgame.com/stats.php?id=61845,
OnePiece,PIRATES,http://blocgame.com/stats.php?id=63126,
Nuketown,The Divine Council,http://blocgame.com/stats.php?id=59614,
Aeter,The Order,http://blocgame.com/stats.php?id=61960,
SPNR,Comintern,http://blocgame.com/stats.php?id=51722,
One Star,The Divine Council,http://blocgame.com/stats.php?id=57783,
Mafros,Brotherhood of Nod,http://blocgame.com/stats.php?id=63788,
Eisen,The Order,http://blocgame.com/stats.php?id=53566,
Vanan,The Order,http://blocgame.com/stats.php?id=63339,
Transmekong,The United Nations,http://blocgame.com/stats.php?id=40195,
Romiia,The United Nations,http://blocgame.com/stats.php?id=60242,
South Park,SPQR,http://blocgame.com/stats.php?id=228,
Arina,Interpol,http://blocgame.com/stats.php?id=54480,
Aminichina,The Order,http://blocgame.com/stats.php?id=56720,
al-Bahrayn,The Order,http://blocgame.com/stats.php?id=59775,
Gallifrey,Steel Brotherhood,http://blocgame.com/stats.php?id=40351,
MakanBudak,The Order,http://blocgame.com/stats.php?id=60748,
Argon,Interpol,http://blocgame.com/stats.php?id=57323,
Giant Mechs,The Divine Council,http://blocgame.com/stats.php?id=60735,
axmbest,,http://blocgame.com/stats.php?id=61772,
Foodstuffs,Brotherhood of Nod,http://blocgame.com/stats.php?id=40676,
Kek Slovakia,The Order,http://blocgame.com/stats.php?id=63462,
Wielkopl,Steel Brotherhood,http://blocgame.com/stats.php?id=42376,1
Senandung Malam,PIRATES,http://blocgame.com/stats.php?id=61074,
FreakTopia,The Order,http://blocgame.com/stats.php?id=45527,
PolandThePower,Brotherhood of Nod,http://blocgame.com/stats.php?id=58217,
Casopia,The Order,http://blocgame.com/stats.php?id=63500,
Lomar,Steel Brotherhood,http://blocgame.com/stats.php?id=63175,
Krasnyyikistan,Socialist Arab Union,http://blocgame.com/stats.php?id=50209,
Utea,The Order,http://blocgame.com/stats.php?id=49905,
Weast America,Brotherhood of Nod,http://blocgame.com/stats.php?id=55778,
Lolesco,The Order,http://blocgame.com/stats.php?id=48289,
Civilia,Al-Qassam Brigades,http://blocgame.com/stats.php?id=62017,
Rengit,The Order,http://blocgame.com/stats.php?id=61769,
Mangkok,The Divine Council,http://blocgame.com/stats.php?id=62210,
Smyrno,Steel Brotherhood,http://blocgame.com/stats.php?id=62960,
Wafflonia,SPQR,http://blocgame.com/stats.php?id=63064,
BongoBongoBongo,The Order,http://blocgame.com/stats.php?id=63942,
Whitey,Brotherhood of Nod,http://blocgame.com/stats.php?id=4816,
kinabalu,,http://blocgame.com/stats.php?id=62887,
Middlewest,The Khilafah,http://blocgame.com/stats.php?id=63635,
CubeHead,SPQR,http://blocgame.com/stats.php?id=63001,
Justice,Brotherhood of Nod,http://blocgame.com/stats.php?id=62975,
johoreansouth,PIRATES,http://blocgame.com/stats.php?id=61895,
Northern Ghan,The Divine Council,http://blocgame.com/stats.php?id=62344,
TrumpCity,Steel Brotherhood,http://blocgame.com/stats.php?id=63769,
Shining Sun,Steel Brotherhood,http://blocgame.com/stats.php?id=61511,
Chicken rice,PIRATES,http://blocgame.com/stats.php?id=61750,
raja_png,PIRATES,http://blocgame.com/stats.php?id=62000,
Vorcs,PIRATES,http://blocgame.com/stats.php?id=61955,
HiredGun,The Order,http://blocgame.com/stats.php?id=53353,
Thermonia,The Order,http://blocgame.com/stats.php?id=53567,
Chistriania,The United Nations,http://blocgame.com/stats.php?id=63264,
Psiloybia,The Order,http://blocgame.com/stats.php?id=45249,
Malaysia.,PIRATES,http://blocgame.com/stats.php?id=63032,
KelabuAsap,The Divine Council,http://blocgame.com/stats.php?id=60664,
Violent Vegans,Interpol,http://blocgame.com/stats.php?id=48869,
Oilpotamia,Steel Brotherhood,http://blocgame.com/stats.php?id=64020,
Sordidia,The Order,http://blocgame.com/stats.php?id=63203,
KaleCepo,PIRATES,http://blocgame.com/stats.php?id=60711,
Turbanistan,The Order,http://blocgame.com/stats.php?id=63007,
saiya,The Order,http://blocgame.com/stats.php?id=61785,
Carpentaria,PIRATES,http://blocgame.com/stats.php?id=59901,
FuchukFakhu,PIRATES,http://blocgame.com/stats.php?id=61483,
methamphetamine,The Federal Colonies,http://blocgame.com/stats.php?id=61702,
fetiwert,The Federal Colonies,http://blocgame.com/stats.php?id=63124,
Olut,The Order,http://blocgame.com/stats.php?id=63682,
Viktoria,The Order,http://blocgame.com/stats.php?id=40188,
Briggs,SPQR,http://blocgame.com/stats.php?id=53442,
Kondominium,Steel Brotherhood,http://blocgame.com/stats.php?id=61576,1
schekels,,http://blocgame.com/stats.php?id=63381,
Shinystan,The Order,http://blocgame.com/stats.php?id=63522,
Cocobongo,The Divine Council,http://blocgame.com/stats.php?id=58193,
Rebel Scum,,http://blocgame.com/stats.php?id=63844,
Kuto,The Federal Colonies,http://blocgame.com/stats.php?id=40095,
Olympia,Brotherhood of Nod,http://blocgame.com/stats.php?id=51354,
Wankmuffin,,http://blocgame.com/stats.php?id=63325,
Edtopia,The Federal Colonies,http://blocgame.com/stats.php?id=249,
Wladimiria,The Divine Council,http://blocgame.com/stats.php?id=52318,
Whadjuk,The Khilafah,http://blocgame.com/stats.php?id=63576,
Yugoslothia,Brotherhood of Nod,http://blocgame.com/stats.php?id=55968,
Skhimm,Brotherhood of Nod,http://blocgame.com/stats.php?id=52362,
Losong,PIRATES,http://blocgame.com/stats.php?id=60570,
Shiba,The Order,http://blocgame.com/stats.php?id=56250,
The Abarat,The Order,http://blocgame.com/stats.php?id=40068,
Iwo Jima,The Order,http://blocgame.com/stats.php?id=63259,
Borgasha,The Order,http://blocgame.com/stats.php?id=63407,
Magical Horses,The Divine Council,http://blocgame.com/stats.php?id=51070,
Vursian,PIRATES,http://blocgame.com/stats.php?id=62540,
Bango,The Order,http://blocgame.com/stats.php?id=59337,
Moneymaking,Steel Brotherhood,http://blocgame.com/stats.php?id=64271,
The UCOA,Steel Brotherhood,http://blocgame.com/stats.php?id=54240,
Mesopotamiaa,Brotherhood of Nod,http://blocgame.com/stats.php?id=63058,
Yummy Foods,Interpol,http://blocgame.com/stats.php?id=54376,
San Palomino,The Order,http://blocgame.com/stats.php?id=51103,
Black Widow,The Order,http://blocgame.com/stats.php?id=62290,
TheDarkSide,The Divine Council,http://blocgame.com/stats.php?id=63139,1
Baloq,,http://blocgame.com/stats.php?id=61900,
Baden,The Divine Council,http://blocgame.com/stats.php?id=48684,
MalayaMMP,PIRATES,http://blocgame.com/stats.php?id=62383,
Conferan,The Divine Council,http://blocgame.com/stats.php?id=56710,1
Andes,The Divine Council,http://blocgame.com/stats.php?id=51547,
Memiaya,Che Guevara League,http://blocgame.com/stats.php?id=62980,
Opallia,The Order,http://blocgame.com/stats.php?id=63666,
Black Swamp,The United Nations,http://blocgame.com/stats.php?id=51451,
mani,SPQR,http://blocgame.com/stats.php?id=62912,
Pan-demo-nium,Steel Brotherhood,http://blocgame.com/stats.php?id=63195,
Terengganu,The Divine Council,http://blocgame.com/stats.php?id=60615,
Afrikizonia,Steel Brotherhood,http://blocgame.com/stats.php?id=63138,
Alanies,The Order,http://blocgame.com/stats.php?id=54617,
Zorin,The Divine Council,http://blocgame.com/stats.php?id=59970,
Infernistan,Socialist Arab Union,http://blocgame.com/stats.php?id=60304,
Zuyazayuza,The Order,http://blocgame.com/stats.php?id=62470,
Freedom Treaty,The United Nations,http://blocgame.com/stats.php?id=57690,
Oileum,The Divine Council,http://blocgame.com/stats.php?id=63070,
Walmart,The Order,http://blocgame.com/stats.php?id=57903,
Amazonian Union,Steel Brotherhood,http://blocgame.com/stats.php?id=59377,
Cartenesia,,http://blocgame.com/stats.php?id=58994,
Shekel Land,The Order,http://blocgame.com/stats.php?id=54689,
United-Muslims,SPQR,http://blocgame.com/stats.php?id=61674,
Llorxye,PIRATES,http://blocgame.com/stats.php?id=61688,
Pokok Sena,PIRATES,http://blocgame.com/stats.php?id=63144,
ZumbaZumbi,PIRATES,http://blocgame.com/stats.php?id=61482,
Darkstone,The Divine Council,http://blocgame.com/stats.php?id=57176,
Sarnath,The Federal Colonies,http://blocgame.com/stats.php?id=62981,
Gobi,The Order,http://blocgame.com/stats.php?id=61919,
Farsland,,http://blocgame.com/stats.php?id=63782,
Fludena,,http://blocgame.com/stats.php?id=64036,
rio de la plata,Lithuanian Coalition,http://blocgame.com/stats.php?id=63051,
Sulon Grande,Brotherhood of Nod,http://blocgame.com/stats.php?id=61038,
Lyon,The Order,http://blocgame.com/stats.php?id=57382,
Khebabistan,Steel Brotherhood,http://blocgame.com/stats.php?id=51401,
Norwegia,The Order,http://blocgame.com/stats.php?id=30,
Nova Ikaki,Brotherhood of Nod,http://blocgame.com/stats.php?id=55911,
Infebiousness,Interpol,http://blocgame.com/stats.php?id=40302,
Tuaran,,http://blocgame.com/stats.php?id=61828,
Thimerica,Steel Brotherhood,http://blocgame.com/stats.php?id=62883,
United Pacific,Comintern,http://blocgame.com/stats.php?id=63488,
umok,The United Nations,http://blocgame.com/stats.php?id=62724,
Lepkonia,Interpol,http://blocgame.com/stats.php?id=55854,
JIDF,,http://blocgame.com/stats.php?id=63700,
Pembunuh,PIRATES,http://blocgame.com/stats.php?id=63737,
Praetoria Augusta,SPQR,http://blocgame.com/stats.php?id=39021,
New Wadowice,The Order,http://blocgame.com/stats.php?id=61637,
Sumchakastan,The Khilafah,http://blocgame.com/stats.php?id=41444,
SemutHitam,PIRATES,http://blocgame.com/stats.php?id=62379,
Rararaland,The Divine Council,http://blocgame.com/stats.php?id=49272,
DFWEFWEF,Interpol,http://blocgame.com/stats.php?id=55118,
Robots,Interpol,http://blocgame.com/stats.php?id=40242,
Labuair,PIRATES,http://blocgame.com/stats.php?id=62573,
Based World,SPQR,http://blocgame.com/stats.php?id=58035,
Persona-Grata,PIRATES,http://blocgame.com/stats.php?id=60788,
AfganiBoy,The United Nations,http://blocgame.com/stats.php?id=62098,
Plob,Brotherhood of Nod,http://blocgame.com/stats.php?id=58260,
The Deserted,Steel Brotherhood,http://blocgame.com/stats.php?id=40459,
Nameck,Interpol,http://blocgame.com/stats.php?id=61968,
pooperheds,,http://blocgame.com/stats.php?id=63903,
Neu-Berlin,The Order,http://blocgame.com/stats.php?id=63504,
Uzbekistan.,Brotherhood of Nod,http://blocgame.com/stats.php?id=59590,
OurTown,The Order,http://blocgame.com/stats.php?id=51681,
720instaswap,,http://blocgame.com/stats.php?id=62714,
Ballz,The Khilafah,http://blocgame.com/stats.php?id=64063,
Spaolia,The Federal Colonies,http://blocgame.com/stats.php?id=56845,
DevilsAndDemons,Steel Brotherhood,http://blocgame.com/stats.php?id=64116,
Ralu,The Divine Council,http://blocgame.com/stats.php?id=59527,
sandakania,The Order,http://blocgame.com/stats.php?id=60600,
House Tyrell,Illuminati,http://blocgame.com/stats.php?id=64093,
Novi Sad,The Divine Council,http://blocgame.com/stats.php?id=60752,
Bantersciz,,http://blocgame.com/stats.php?id=63604,
Sana,The Order,http://blocgame.com/stats.php?id=60262,
RumBumistan,,http://blocgame.com/stats.php?id=64055,
Rudenia,The Divine Council,http://blocgame.com/stats.php?id=47765,
Cyrodill,The Order,http://blocgame.com/stats.php?id=53759,
Nimei,Illuminati,http://blocgame.com/stats.php?id=64022,
Boomtown,The Divine Council,http://blocgame.com/stats.php?id=50054,
carefree,The Order,http://blocgame.com/stats.php?id=61669,
Thinkpad,The Order,http://blocgame.com/stats.php?id=63332,
Tyrantia,The Divine Council,http://blocgame.com/stats.php?id=40238,3
Haaga,The Federal Colonies,http://blocgame.com/stats.php?id=64322,
Rogue Nation,The Order,http://blocgame.com/stats.php?id=64135,
Octobia,The Federal Colonies,http://blocgame.com/stats.php?id=61272,
lordmason22,,http://blocgame.com/stats.php?id=63733,
qaiserazalea,,http://blocgame.com/stats.php?id=61763,
Utopiastan,The Order,http://blocgame.com/stats.php?id=56876,
Idaho,The Order,http://blocgame.com/stats.php?id=63484,
sandshark,The Order,http://blocgame.com/stats.php?id=62581,
Fedorians,Illuminati,http://blocgame.com/stats.php?id=64028,
Osia,Brotherhood of Nod,http://blocgame.com/stats.php?id=40431,
Prometheus,The Divine Council,http://blocgame.com/stats.php?id=56022,
Honesty,,http://blocgame.com/stats.php?id=62094,
Syraan,The Order,http://blocgame.com/stats.php?id=59870,
Terra Predonum,Steel Brotherhood,http://blocgame.com/stats.php?id=62885,
AtlasCorp,Brotherhood of Nod,http://blocgame.com/stats.php?id=63122,
Bolshevikistan,Brotherhood of Nod,http://blocgame.com/stats.php?id=60189,
Gumbo,Steel Brotherhood,http://blocgame.com/stats.php?id=64201,
New Armenia,The United Nations,http://blocgame.com/stats.php?id=63991,
Nahrin,PIRATES,http://blocgame.com/stats.php?id=62160,
Alor Janggus,The Order,http://blocgame.com/stats.php?id=63141,
Samsayum,The Order,http://blocgame.com/stats.php?id=63640,
Selayang,PIRATES,http://blocgame.com/stats.php?id=60642,
fjortonattio8,The Order,http://blocgame.com/stats.php?id=63413,
Sector 6,The Order,http://blocgame.com/stats.php?id=63362,
The Sound,The Divine Council,http://blocgame.com/stats.php?id=55197,
SOAP,The Order,http://blocgame.com/stats.php?id=64572,
M�rg,The United Nations,http://blocgame.com/stats.php?id=58356,
UNIland,SPQR,http://blocgame.com/stats.php?id=62192,
Reality,The Order,http://blocgame.com/stats.php?id=53029,
Zeon Alliance,The Divine Council,http://blocgame.com/stats.php?id=62248,1
Chaos county,The United Nations,http://blocgame.com/stats.php?id=49736,
Ladina,Steel Brotherhood,http://blocgame.com/stats.php?id=62936,
Bahamat,The Khilafah,http://blocgame.com/stats.php?id=64061,
Curonia,The Order,http://blocgame.com/stats.php?id=63639,
Panzer,The Order,http://blocgame.com/stats.php?id=63748,
Chrome,The Divine Council,http://blocgame.com/stats.php?id=62534,
oreoxmonster,The Divine Council,http://blocgame.com/stats.php?id=64351,
epf,The Federal Colonies,http://blocgame.com/stats.php?id=63191,
kodiang,The United Nations,http://blocgame.com/stats.php?id=60531,
TerapBuduLipis,The Divine Council,http://blocgame.com/stats.php?id=60513,1
Egoria,Steel Brotherhood,http://blocgame.com/stats.php?id=54726,
Bosniastan,Brotherhood of Nod,http://blocgame.com/stats.php?id=64305,
Pooland,Brotherhood of Nod,http://blocgame.com/stats.php?id=49295,
Dimaster,Steel Brotherhood,http://blocgame.com/stats.php?id=49731,
Bruce Man,The Divine Council,http://blocgame.com/stats.php?id=59564,
MyKingdom,PIRATES,http://blocgame.com/stats.php?id=60728,
Ceannesburg,The Order,http://blocgame.com/stats.php?id=56500,
Razgriskm,The Divine Council,http://blocgame.com/stats.php?id=63117,
Dromund Kaas,,http://blocgame.com/stats.php?id=62191,
fotamorgana,Steel Brotherhood,http://blocgame.com/stats.php?id=62833,
Errvistan,The Order,http://blocgame.com/stats.php?id=64330,
����������,The Divine Council,http://blocgame.com/stats.php?id=54626,
DZ Djeich,The Khilafah,http://blocgame.com/stats.php?id=61408,
Cascoia,The Order,http://blocgame.com/stats.php?id=54174,
kufr conquerors,Brotherhood of Nod,http://blocgame.com/stats.php?id=59579,
natangape,The Order,http://blocgame.com/stats.php?id=61600,
British Egypt,Brotherhood of Nod,http://blocgame.com/stats.php?id=45596,
Ipoh,SPQR,http://blocgame.com/stats.php?id=62127,
Bahai,The Order,http://blocgame.com/stats.php?id=64246,
Onstantinia,The Order,http://blocgame.com/stats.php?id=62513,
Aratana Kibo,,http://blocgame.com/stats.php?id=63197,
Liszonia,Brotherhood of Nod,http://blocgame.com/stats.php?id=62783,
Kikkomen,The Order,http://blocgame.com/stats.php?id=53662,
jongos,,http://blocgame.com/stats.php?id=61892,
Vanaheim,The Order,http://blocgame.com/stats.php?id=63832,
SrpskaRepublika,The Order,http://blocgame.com/stats.php?id=63541,
Nhayat,The Order,http://blocgame.com/stats.php?id=62666,
Lamerique,,http://blocgame.com/stats.php?id=64104,
Black Pearl,PIRATES,http://blocgame.com/stats.php?id=63631,
Honduras,The Divine Council,http://blocgame.com/stats.php?id=60291,
Ilumina,,http://blocgame.com/stats.php?id=64094,
Titiwangsa,PIRATES,http://blocgame.com/stats.php?id=61596,
Inferia,Divine League,http://blocgame.com/stats.php?id=60789,
NationalFreedom,Brotherhood of Nod,http://blocgame.com/stats.php?id=62085,
Ausmasia,The Khilafah,http://blocgame.com/stats.php?id=61817,
Large Man,The Divine Council,http://blocgame.com/stats.php?id=52836,1
Meviora,PIRATES,http://blocgame.com/stats.php?id=62583,
Eneficus,,http://blocgame.com/stats.php?id=64046,
Scrubistan,Brotherhood of Nod,http://blocgame.com/stats.php?id=59122,
Mocha,The Order,http://blocgame.com/stats.php?id=61298,
Shatmapants,Steel Brotherhood,http://blocgame.com/stats.php?id=58425,
morelia,PIRATES,http://blocgame.com/stats.php?id=61850,
Tr�pico,,http://blocgame.com/stats.php?id=1,
Funistan,,http://blocgame.com/stats.php?id=8311,
Free Vietnam,The Federal Colonies,http://blocgame.com/stats.php?id=60426,
Benus Prime,SPQR,http://blocgame.com/stats.php?id=63643,
Fuhrer,,http://blocgame.com/stats.php?id=64260,
Last Horn,The Khilafah,http://blocgame.com/stats.php?id=64043,
West Pacific,The Khilafah,http://blocgame.com/stats.php?id=62429,
GWNP,,http://blocgame.com/stats.php?id=64007,
Cirno,The Federal Colonies,http://blocgame.com/stats.php?id=43375,1
Khuzestan,The Federal Colonies,http://blocgame.com/stats.php?id=48914,2
Nsntra,,http://blocgame.com/stats.php?id=61896,
Kitt,PIRATES,http://blocgame.com/stats.php?id=64247,
subse7en,The Order,http://blocgame.com/stats.php?id=61112,
Dragon Stone,Interpol,http://blocgame.com/stats.php?id=54852,
Invasion Nation,Steel Brotherhood,http://blocgame.com/stats.php?id=64541,
Cairobya,The Federal Colonies,http://blocgame.com/stats.php?id=64173,
Free Persia,SPQR,http://blocgame.com/stats.php?id=62875,
Yar,,http://blocgame.com/stats.php?id=62769,
Gulam,PIRATES,http://blocgame.com/stats.php?id=63645,
Bubupooka,The Order,http://blocgame.com/stats.php?id=44960,
Falamata,The Federal Colonies,http://blocgame.com/stats.php?id=62057,
RIPERINO,,http://blocgame.com/stats.php?id=64163,
Italica,SPQR,http://blocgame.com/stats.php?id=63435,
Formosa,The Order,http://blocgame.com/stats.php?id=41162,
Persifio,PIRATES,http://blocgame.com/stats.php?id=61664,
Boro,The Order,http://blocgame.com/stats.php?id=59257,
gong badang,PIRATES,http://blocgame.com/stats.php?id=61914,
publika,,http://blocgame.com/stats.php?id=62345,
The Shitposters,The Order,http://blocgame.com/stats.php?id=63636,
Durmatagno,,http://blocgame.com/stats.php?id=57978,
Rockstead,The Order,http://blocgame.com/stats.php?id=62622,
Eurassia,Brotherhood of Nod,http://blocgame.com/stats.php?id=63019,
Petrovistan,The Federal Colonies,http://blocgame.com/stats.php?id=64147,
claytonG,,http://blocgame.com/stats.php?id=64428,
kuci,,http://blocgame.com/stats.php?id=63755,
honk honk,The Khilafah,http://blocgame.com/stats.php?id=63623,
Arabic Union,The Order,http://blocgame.com/stats.php?id=59855,
bakhang,The Order,http://blocgame.com/stats.php?id=60485,1
Messer,The Order,http://blocgame.com/stats.php?id=52483,
Borderia,The United Nations,http://blocgame.com/stats.php?id=63992,
Malaysiastan,Brotherhood of Nod,http://blocgame.com/stats.php?id=60911,
Nigiria,The United Nations,http://blocgame.com/stats.php?id=46929,
Chagondowidi,,http://blocgame.com/stats.php?id=64136,
AA,PIRATES,http://blocgame.com/stats.php?id=64255,
Caballos,Steel Brotherhood,http://blocgame.com/stats.php?id=5261,
ZAMENTA,The Order,http://blocgame.com/stats.php?id=61998,1
Dank Weed,The Divine Council,http://blocgame.com/stats.php?id=63959,
Spartang,PIRATES,http://blocgame.com/stats.php?id=64166,
Anfield,Steel Brotherhood,http://blocgame.com/stats.php?id=64538,
Karat,The Federal Colonies,http://blocgame.com/stats.php?id=45853,
Versania,The Divine Council,http://blocgame.com/stats.php?id=63915,
Tanah Malaya,PIRATES,http://blocgame.com/stats.php?id=60385,
Ballzinga,The Order,http://blocgame.com/stats.php?id=63397,
CLASSIFIED,PIRATES,http://blocgame.com/stats.php?id=64604,
Austone,,http://blocgame.com/stats.php?id=53733,
Dirk-Dirkastan,The Order,http://blocgame.com/stats.php?id=63936,
ThePonyslayers,The Order,http://blocgame.com/stats.php?id=54547,
Tanus,Brotherhood of Nod,http://blocgame.com/stats.php?id=61059,
Kota Tinggi,Steel Brotherhood,http://blocgame.com/stats.php?id=63120,
Poundtown,Brotherhood of Nod,http://blocgame.com/stats.php?id=39066,
FORECASTLE,,http://blocgame.com/stats.php?id=62894,
IBabylonl,,http://blocgame.com/stats.php?id=63227,
tardass,,http://blocgame.com/stats.php?id=63057,
Mongolstan,The Order,http://blocgame.com/stats.php?id=47945,
Lesser China,,http://blocgame.com/stats.php?id=62995,
Melaka,The Divine Council,http://blocgame.com/stats.php?id=57146,
awanghitam,The Divine Council,http://blocgame.com/stats.php?id=60739,
Endau,PIRATES,http://blocgame.com/stats.php?id=61932,
Somaliya,Interpol,http://blocgame.com/stats.php?id=52569,
Magna Bonom,Brotherhood of Nod,http://blocgame.com/stats.php?id=59435,
KOHREA,The Order,http://blocgame.com/stats.php?id=63926,
semerah padi,PIRATES,http://blocgame.com/stats.php?id=62389,
ENdau 2,PIRATES,http://blocgame.com/stats.php?id=64213,
Nexsonia,,http://blocgame.com/stats.php?id=64109,
Jam,Brotherhood of Nod,http://blocgame.com/stats.php?id=56490,
Rimba Bara,The Khilafah,http://blocgame.com/stats.php?id=61603,
oliverhard,The Divine Council,http://blocgame.com/stats.php?id=53822,
Meiji,The Order,http://blocgame.com/stats.php?id=63464,
South Minnesota,Steel Brotherhood,http://blocgame.com/stats.php?id=63460,
New Granada,The Order,http://blocgame.com/stats.php?id=63401,
Nueva Pilipinas,The Divine Council,http://blocgame.com/stats.php?id=53008,
Black Money,,http://blocgame.com/stats.php?id=64241,
Americastan,,http://blocgame.com/stats.php?id=63485,
Awesomeria,The Order,http://blocgame.com/stats.php?id=57755,
Apokalyptom,,http://blocgame.com/stats.php?id=58585,
Androzia,SPQR,http://blocgame.com/stats.php?id=61584,
Blackpearl,PIRATES,http://blocgame.com/stats.php?id=64309,
Ghost,The Order,http://blocgame.com/stats.php?id=63068,
Tanda,The Unknown,http://blocgame.com/stats.php?id=63885,
Avarice,Steel Brotherhood,http://blocgame.com/stats.php?id=63966,
Histalaxia,The Order,http://blocgame.com/stats.php?id=51506,
Baghdad Iraqi,The Divine Council,http://blocgame.com/stats.php?id=61172,
West-Korea,Steel Brotherhood,http://blocgame.com/stats.php?id=64148,
NL-Indies,The Federal Colonies,http://blocgame.com/stats.php?id=63776,
Entah,PIRATES,http://blocgame.com/stats.php?id=60530,
Khalifah,The Divine Council,http://blocgame.com/stats.php?id=62665,
Chaz,The Order,http://blocgame.com/stats.php?id=63326,
Compost,The Order,http://blocgame.com/stats.php?id=62506,
Clearwater,,http://blocgame.com/stats.php?id=64249,
Moshav,The Divine Council,http://blocgame.com/stats.php?id=64593,
Pahang Power,PIRATES,http://blocgame.com/stats.php?id=60578,
Tok Jembal,The Order,http://blocgame.com/stats.php?id=60840,
Free Trade,Interpol,http://blocgame.com/stats.php?id=55017,
Ira,The Order,http://blocgame.com/stats.php?id=62332,
Kersumsos,The Order,http://blocgame.com/stats.php?id=46317,
Rhuer,,http://blocgame.com/stats.php?id=63913,
Langit7,Brotherhood of Nod,http://blocgame.com/stats.php?id=61131,
Daricia,,http://blocgame.com/stats.php?id=64185,
Afpakistan,Steel Brotherhood,http://blocgame.com/stats.php?id=64497,
Saudi Arabia,The Khilafah,http://blocgame.com/stats.php?id=40653,
Carbonear,Interpol,http://blocgame.com/stats.php?id=63657,
Rats,The Divine Council,http://blocgame.com/stats.php?id=64509,
The Boer,The Order,http://blocgame.com/stats.php?id=55355,
Shanghai,Steel Brotherhood,http://blocgame.com/stats.php?id=63118,
Ishtar,Brotherhood of Nod,http://blocgame.com/stats.php?id=55882,
Kazilers Shoil,Brotherhood of Nod,http://blocgame.com/stats.php?id=60641,
Darkplace,,http://blocgame.com/stats.php?id=62234,
Ceylon,,http://blocgame.com/stats.php?id=63194,
Carteles,,http://blocgame.com/stats.php?id=63771,
Giggles,,http://blocgame.com/stats.php?id=64511,
Markoviakia,,http://blocgame.com/stats.php?id=57239,
TheDesertFox,The Divine Council,http://blocgame.com/stats.php?id=52368,
Black Gold,The Order,http://blocgame.com/stats.php?id=64027,
Jitra,The Order,http://blocgame.com/stats.php?id=62661,
Tarsonis,,http://blocgame.com/stats.php?id=62868,
Milano,The Divine Council,http://blocgame.com/stats.php?id=63012,
District21,PIRATES,http://blocgame.com/stats.php?id=62938,
Kryzikstan,Brotherhood of Nod,http://blocgame.com/stats.php?id=64855,
Aroucia,,http://blocgame.com/stats.php?id=59585,
Pemakan Dunia,PIRATES,http://blocgame.com/stats.php?id=61189,
Rattown,The Order,http://blocgame.com/stats.php?id=39062,4
Pink,The Order,http://blocgame.com/stats.php?id=46667,
new shekelstan,Brotherhood of Nod,http://blocgame.com/stats.php?id=46292,
FlySoGood,The Divine Council,http://blocgame.com/stats.php?id=54541,
Masterton East,Interpol,http://blocgame.com/stats.php?id=58225,
Sttusau,,http://blocgame.com/stats.php?id=64382,
Ultios,The Order,http://blocgame.com/stats.php?id=59917,
Yidi Gao,,http://blocgame.com/stats.php?id=64426,
Sannari,SPQR,http://blocgame.com/stats.php?id=42940,
Ambon,The Order,http://blocgame.com/stats.php?id=42744,
Spooktune,Brotherhood of Nod,http://blocgame.com/stats.php?id=62983,
qigong,,http://blocgame.com/stats.php?id=64086,
MembumiHangus,PIRATES,http://blocgame.com/stats.php?id=62424,
mzymz,The Order,http://blocgame.com/stats.php?id=62580,
Reikland,The Divine Council,http://blocgame.com/stats.php?id=58781,
Ebry�,The Order,http://blocgame.com/stats.php?id=64495,
kitts,PIRATES,http://blocgame.com/stats.php?id=64269,
Daphnestan,The Divine Council,http://blocgame.com/stats.php?id=59475,
Qaramur,The Order,http://blocgame.com/stats.php?id=62861,
Lahanation,The Federal Colonies,http://blocgame.com/stats.php?id=60391,
Abel,,http://blocgame.com/stats.php?id=64248,
Dengue,The Khilafah,http://blocgame.com/stats.php?id=64008,
WUBstep,Brotherhood of Nod,http://blocgame.com/stats.php?id=39023,
The Jar,The Order,http://blocgame.com/stats.php?id=60355,
La Federacion,The Divine Council,http://blocgame.com/stats.php?id=64281,
Enggor Perak,PIRATES,http://blocgame.com/stats.php?id=60674,
Courlandia,The Order,http://blocgame.com/stats.php?id=64264,
Antartica,The Khilafah,http://blocgame.com/stats.php?id=64669,
MalayaRaya,PIRATES,http://blocgame.com/stats.php?id=60388,
Soviet Kekbodia,,http://blocgame.com/stats.php?id=63380,
DickKickem,The Order,http://blocgame.com/stats.php?id=59772,
11Bgde Para,PIRATES,http://blocgame.com/stats.php?id=62652,
Toron,,http://blocgame.com/stats.php?id=63275,
Lewd Place,Lithuanian Coalition,http://blocgame.com/stats.php?id=61620,
Kampung Dusun,PIRATES,http://blocgame.com/stats.php?id=62351,
Mont Blanc,,http://blocgame.com/stats.php?id=62644,
Subcarpathia,The Divine Council,http://blocgame.com/stats.php?id=63976,
Chaouenne,The Divine Council,http://blocgame.com/stats.php?id=42019,
Alpha,Steel Brotherhood,http://blocgame.com/stats.php?id=64279,
America,The Divine Council,http://blocgame.com/stats.php?id=40167,
Kamikazie,PIRATES,http://blocgame.com/stats.php?id=61783,
Republic Malaya,PIRATES,http://blocgame.com/stats.php?id=61889,
Skhrimm,Steel Brotherhood,http://blocgame.com/stats.php?id=54756,
Warispeace,,http://blocgame.com/stats.php?id=64278,
BaniMelayu,,http://blocgame.com/stats.php?id=61862,
Ongcan,,http://blocgame.com/stats.php?id=62393,
Iraqghanistan,The Khilafah,http://blocgame.com/stats.php?id=64180,
Gandoria,The Order,http://blocgame.com/stats.php?id=50771,
Stings,The Federal Colonies,http://blocgame.com/stats.php?id=62660,
ileristanistan,The Order,http://blocgame.com/stats.php?id=63622,
Rafeal,,http://blocgame.com/stats.php?id=64358,
Mys glory,The Order,http://blocgame.com/stats.php?id=62396,
Nanyang,The Order,http://blocgame.com/stats.php?id=62916,
Ketroyla,The Order,http://blocgame.com/stats.php?id=55951,
Vierte Reich,The Divine Council,http://blocgame.com/stats.php?id=59580,
Alorian,,http://blocgame.com/stats.php?id=61749,
woosha,The United Nations,http://blocgame.com/stats.php?id=58158,
Chanada,The Order,http://blocgame.com/stats.php?id=58742,
Ironforge,Steel Brotherhood,http://blocgame.com/stats.php?id=63135,
Chinese Empire,The Divine Council,http://blocgame.com/stats.php?id=54448,
WeWuz,SPQR,http://blocgame.com/stats.php?id=63547,
Canantartica,Steel Brotherhood,http://blocgame.com/stats.php?id=64445,
nerfprotoss,,http://blocgame.com/stats.php?id=64362,
Newport High,The Order,http://blocgame.com/stats.php?id=62860,
Thiepia,,http://blocgame.com/stats.php?id=63846,
Scorvia,Steel Brotherhood,http://blocgame.com/stats.php?id=64062,
Niggatopia,Steel Brotherhood,http://blocgame.com/stats.php?id=64672,
Esmair,The Order,http://blocgame.com/stats.php?id=40882,
pengkalan chepa,,http://blocgame.com/stats.php?id=60742,
Arganava,,http://blocgame.com/stats.php?id=62223,
Swedeinstan,,http://blocgame.com/stats.php?id=39005,
Leninstan,,http://blocgame.com/stats.php?id=63142,
Golden Woods,,http://blocgame.com/stats.php?id=64192,
Emberica,,http://blocgame.com/stats.php?id=60147,
Jurestist,,http://blocgame.com/stats.php?id=59705,
bulipliisia,,http://blocgame.com/stats.php?id=64186,
AloqStaq,PIRATES,http://blocgame.com/stats.php?id=62186,
lobai91,PIRATES,http://blocgame.com/stats.php?id=63061,
rajallian,,http://blocgame.com/stats.php?id=64144,
Kotasinga,The Order,http://blocgame.com/stats.php?id=60448,
Gerik,PIRATES,http://blocgame.com/stats.php?id=62864,
Hezstallah,Al-Qassam Brigades,http://blocgame.com/stats.php?id=64096,
molo,,http://blocgame.com/stats.php?id=64485,
Mobique,,http://blocgame.com/stats.php?id=61587,
Netland,The Order,http://blocgame.com/stats.php?id=63148,
cancerpls,,http://blocgame.com/stats.php?id=64297,
white shadow,The Divine Council,http://blocgame.com/stats.php?id=55012,
Tendong,,http://blocgame.com/stats.php?id=62178,
landoffensive,,http://blocgame.com/stats.php?id=64291,
bukitbendera98,PIRATES,http://blocgame.com/stats.php?id=62501,
Frostyputania,The Order,http://blocgame.com/stats.php?id=42065,
zener diode,,http://blocgame.com/stats.php?id=61908,
Bernie_Sanders,The Order,http://blocgame.com/stats.php?id=63432,
Perullamas,Steel Brotherhood,http://blocgame.com/stats.php?id=64461,
Le tits now,The Federal Colonies,http://blocgame.com/stats.php?id=64023,
Azari,,http://blocgame.com/stats.php?id=64199,
korea____one,,http://blocgame.com/stats.php?id=63941,
deathtotyrants,,http://blocgame.com/stats.php?id=64328,
Madurolandia,,http://blocgame.com/stats.php?id=64366,
Spratly,,http://blocgame.com/stats.php?id=60451,
Shinjukus,The Divine Council,http://blocgame.com/stats.php?id=64048,
qwertyuiop,The Divine Council,http://blocgame.com/stats.php?id=59451,
Beluncas War,PIRATES,http://blocgame.com/stats.php?id=61487,
KaIfa,Interpol,http://blocgame.com/stats.php?id=61737,
Adrianopolis,The Order,http://blocgame.com/stats.php?id=55912,
RATHKEALE,,http://blocgame.com/stats.php?id=55636,
Roarspekistan,Che Guevara League,http://blocgame.com/stats.php?id=59084,
Bahavian,The Divine Council,http://blocgame.com/stats.php?id=54960,
balemu1987,,http://blocgame.com/stats.php?id=63972,
KL Lanas,PIRATES,http://blocgame.com/stats.php?id=60623,
Dissapointment,,http://blocgame.com/stats.php?id=64053,
Deuss Vult,The Order,http://blocgame.com/stats.php?id=64697,
MumbosMountain,Steel Brotherhood,http://blocgame.com/stats.php?id=54444,
Krovator Land,The Divine Council,http://blocgame.com/stats.php?id=60722,
Corn God,The Order,http://blocgame.com/stats.php?id=64682,
HCLI COG Div,The Order,http://blocgame.com/stats.php?id=54510,
Remote,SPQR,http://blocgame.com/stats.php?id=61201,
Kalashstan,,http://blocgame.com/stats.php?id=64289,
Marigold,,http://blocgame.com/stats.php?id=64393,
Hamshiretonland,Brotherhood of Nod,http://blocgame.com/stats.php?id=58470,
EthariousDrag,Steel Brotherhood,http://blocgame.com/stats.php?id=64596,
kailam,The Divine Council,http://blocgame.com/stats.php?id=61608,
Karipuley,PIRATES,http://blocgame.com/stats.php?id=64454,
Flower Hippies,Steel Brotherhood,http://blocgame.com/stats.php?id=64563,
Zepplin,,http://blocgame.com/stats.php?id=64512,
Tyblaland,The Order,http://blocgame.com/stats.php?id=64548,
Melengkar Alam,The Divine Council,http://blocgame.com/stats.php?id=60554,
Casa del Nolano,The Order,http://blocgame.com/stats.php?id=45936,
Genowia,The Divine Council,http://blocgame.com/stats.php?id=50839,
fishball,,http://blocgame.com/stats.php?id=61050,
klapakistan,,http://blocgame.com/stats.php?id=63047,
East Takistan,Socialist Arab Union,http://blocgame.com/stats.php?id=58950,
MayMay,,http://blocgame.com/stats.php?id=63712,
Pasir Dengung,PIRATES,http://blocgame.com/stats.php?id=60712,
Disnomica,The Divine Council,http://blocgame.com/stats.php?id=60992,
Arabstan,SPQR,http://blocgame.com/stats.php?id=61659,
Ashoqa,Brotherhood of Nod,http://blocgame.com/stats.php?id=61653,
bird land,,http://blocgame.com/stats.php?id=61878,
Sri Mersing,PIRATES,http://blocgame.com/stats.php?id=64413,
GayRights,Brotherhood of Nod,http://blocgame.com/stats.php?id=62099,
Krajina,Steel Brotherhood,http://blocgame.com/stats.php?id=62961,
BIOR KELANTOK,The Divine Council,http://blocgame.com/stats.php?id=61489,
masterspy,,http://blocgame.com/stats.php?id=64274,
Crashlantis,The Order,http://blocgame.com/stats.php?id=50932,
melakar raya,The Khilafah,http://blocgame.com/stats.php?id=62446,
Democrastan,The Order,http://blocgame.com/stats.php?id=63132,
siput sedut,The Divine Council,http://blocgame.com/stats.php?id=60552,
TheDankLight,The Divine Council,http://blocgame.com/stats.php?id=60950,
superpower,PIRATES,http://blocgame.com/stats.php?id=64012,
\\\'Murica,,http://blocgame.com/stats.php?id=59539,
blanco,The Order,http://blocgame.com/stats.php?id=63245,
Strath,,http://blocgame.com/stats.php?id=61471,
Luskwood,The Order,http://blocgame.com/stats.php?id=63171,
The Monarch,The Unknown,http://blocgame.com/stats.php?id=63883,
hollywoodundead,,http://blocgame.com/stats.php?id=59629,
New Germany,The Order,http://blocgame.com/stats.php?id=39025,
Amrans fans,PIRATES,http://blocgame.com/stats.php?id=62203,
Thetarius,,http://blocgame.com/stats.php?id=63340,
Serbiastan,,http://blocgame.com/stats.php?id=64114,
icenation,,http://blocgame.com/stats.php?id=64337,
Serbija,Steel Brotherhood,http://blocgame.com/stats.php?id=62971,
Farm001,,http://blocgame.com/stats.php?id=64270,
Much War,The Order,http://blocgame.com/stats.php?id=61645,
Acirassi,The Order,http://blocgame.com/stats.php?id=49805,1
Kuviere,,http://blocgame.com/stats.php?id=58755,
Agostino,The Order,http://blocgame.com/stats.php?id=60229,
The Core,USAS,http://blocgame.com/stats.php?id=64480,
Niorgana,The Order,http://blocgame.com/stats.php?id=63970,
UzFuckIstan,,http://blocgame.com/stats.php?id=63492,
Zama Regia,The Order,http://blocgame.com/stats.php?id=64126,
4g93,The Order,http://blocgame.com/stats.php?id=62122,
Cuttlefish,Interpol,http://blocgame.com/stats.php?id=63884,
militaryjunta,,http://blocgame.com/stats.php?id=64290,
Abgmahdahmarah,PIRATES,http://blocgame.com/stats.php?id=64851,
Obsrany Chlew,Steel Brotherhood,http://blocgame.com/stats.php?id=62973,
South Colombia,,http://blocgame.com/stats.php?id=64488,
Hells Angel,The Order,http://blocgame.com/stats.php?id=63923,1
Sanlucia,SPQR,http://blocgame.com/stats.php?id=59921,
Hussenia,,http://blocgame.com/stats.php?id=64528,
Treso,,http://blocgame.com/stats.php?id=64534,
Scavia,The Order,http://blocgame.com/stats.php?id=52275,
Velts,,http://blocgame.com/stats.php?id=61389,
Swadia,The Order,http://blocgame.com/stats.php?id=40011,1
donaldtrump2016,,http://blocgame.com/stats.php?id=64293,
Kgkerambit,The Order,http://blocgame.com/stats.php?id=61014,
eQna8,The Order,http://blocgame.com/stats.php?id=48695,
Yannevia,Steel Brotherhood,http://blocgame.com/stats.php?id=62538,
Berg,,http://blocgame.com/stats.php?id=63914,
Tigner,The Order,http://blocgame.com/stats.php?id=64128,
Ashbury,,http://blocgame.com/stats.php?id=64755,
Harlostia,The Order,http://blocgame.com/stats.php?id=64003,
Lothl�rien001,,http://blocgame.com/stats.php?id=64167,
Luce,,http://blocgame.com/stats.php?id=64492,
Buzir,Steel Brotherhood,http://blocgame.com/stats.php?id=64064,
Nautique,The Divine Council,http://blocgame.com/stats.php?id=58443,
Satan kingdom,,http://blocgame.com/stats.php?id=60809,
Vorose,,http://blocgame.com/stats.php?id=64535,
hokoo,Brotherhood of Nod,http://blocgame.com/stats.php?id=61111,
basetrade,,http://blocgame.com/stats.php?id=64329,
Holy,,http://blocgame.com/stats.php?id=60569,
ARABOBIA,,http://blocgame.com/stats.php?id=62683,
tamarin,,http://blocgame.com/stats.php?id=62859,
dendiface,,http://blocgame.com/stats.php?id=64319,
charlesxavier,,http://blocgame.com/stats.php?id=64355,
Global Empire,The Khilafah,http://blocgame.com/stats.php?id=63986,
Union Mech,SPQR,http://blocgame.com/stats.php?id=64591,
Butt Munch Land,,http://blocgame.com/stats.php?id=58540,
Mata Helang,PIRATES,http://blocgame.com/stats.php?id=64412,
The Jihad,The Order,http://blocgame.com/stats.php?id=53434,
melayuraya,,http://blocgame.com/stats.php?id=63546,
tony,,http://blocgame.com/stats.php?id=62876,
Pasir Dua Butir,The Order,http://blocgame.com/stats.php?id=60687,
Orange Julius,The Divine Council,http://blocgame.com/stats.php?id=46049,
ismaillian,,http://blocgame.com/stats.php?id=64081,
�bermensch,The Order,http://blocgame.com/stats.php?id=52438,
galapagos1,,http://blocgame.com/stats.php?id=64361,
rendang,PIRATES,http://blocgame.com/stats.php?id=64630,
Peopleoil,The Federal Colonies,http://blocgame.com/stats.php?id=59041,
Guy Sebastian,,http://blocgame.com/stats.php?id=63582,
Carthya,,http://blocgame.com/stats.php?id=63949,
Steins;Gate,,http://blocgame.com/stats.php?id=64828,
Cucumber Island,Interpol,http://blocgame.com/stats.php?id=64836,
Isla Grande,PIRATES,http://blocgame.com/stats.php?id=64171,
Mexiga,,http://blocgame.com/stats.php?id=64627,
Weeabo Island,The Divine Council,http://blocgame.com/stats.php?id=64179,
CivilRights,The Divine Council,http://blocgame.com/stats.php?id=64740,
Qastury,PIRATES,http://blocgame.com/stats.php?id=61699,
Seixal,Che Guevara League,http://blocgame.com/stats.php?id=64079,
Castille,Steel Brotherhood,http://blocgame.com/stats.php?id=65002,
sixpool,,http://blocgame.com/stats.php?id=64331,
The Silver Hand,,http://blocgame.com/stats.php?id=56161,
Puddle of Mudd,Brotherhood of Nod,http://blocgame.com/stats.php?id=64311,
hatchblock,,http://blocgame.com/stats.php?id=64353,
wildestislands,,http://blocgame.com/stats.php?id=64354,
ZY Kingdoms,The Order,http://blocgame.com/stats.php?id=62893,1
ONE__KOREA,The Order,http://blocgame.com/stats.php?id=63934,
Rerum,,http://blocgame.com/stats.php?id=64531,
Tesoro,,http://blocgame.com/stats.php?id=64524,
Glueyou,The Order,http://blocgame.com/stats.php?id=63842,
balancedgame,,http://blocgame.com/stats.php?id=64345,
Sungai batu,SPQR,http://blocgame.com/stats.php?id=64422,
Blake Island,PIRATES,http://blocgame.com/stats.php?id=64105,
santau,PIRATES,http://blocgame.com/stats.php?id=64416,
Maiden,The Order,http://blocgame.com/stats.php?id=64049,
Babylon-Assyria,,http://blocgame.com/stats.php?id=64655,
Sunbhistan,Brotherhood of Nod,http://blocgame.com/stats.php?id=64796,
Lanun johor,The Divine Council,http://blocgame.com/stats.php?id=64514,
TheTrueAsia,The Order,http://blocgame.com/stats.php?id=64516,
Rising Dawn,USAS,http://blocgame.com/stats.php?id=64681,
Snusers,The Order,http://blocgame.com/stats.php?id=58336,
Cuckoldery,The Order,http://blocgame.com/stats.php?id=62700,
Zhongguo,The Order,http://blocgame.com/stats.php?id=63425,
Les,,http://blocgame.com/stats.php?id=64486,
Sw�r�s,The Divine Council,http://blocgame.com/stats.php?id=61466,
Dredd\\\'s,Brotherhood of Nod,http://blocgame.com/stats.php?id=62798,
bombingsymy,,http://blocgame.com/stats.php?id=64477,
Joseon,Steel Brotherhood,http://blocgame.com/stats.php?id=64691,
JapaneseMeme,,http://blocgame.com/stats.php?id=64540,
Angles,SPQR,http://blocgame.com/stats.php?id=62095,
PENGHASUT,The Order,http://blocgame.com/stats.php?id=64637,
Bourbon Island,Interpol,http://blocgame.com/stats.php?id=41247,
Blackwater Inc,PIRATES,http://blocgame.com/stats.php?id=64016,
Azhdahagate,Brotherhood of Nod,http://blocgame.com/stats.php?id=52422,
Tetsunoshima,,http://blocgame.com/stats.php?id=47444,
Galifrey,,http://blocgame.com/stats.php?id=51939,
Whole Grain,Steel Brotherhood,http://blocgame.com/stats.php?id=64675,
WP Kuala Lumpur,The Federal Colonies,http://blocgame.com/stats.php?id=61633,
Lopon,,http://blocgame.com/stats.php?id=64532,
Korhollia,,http://blocgame.com/stats.php?id=64792,
Blaotho,Steel Brotherhood,http://blocgame.com/stats.php?id=64768,
switzerdouch,,http://blocgame.com/stats.php?id=58997,
Nascour,,http://blocgame.com/stats.php?id=64525,
New Gloryhole,,http://blocgame.com/stats.php?id=64578,
Croatia,,http://blocgame.com/stats.php?id=40563,
Parit Sayang,,http://blocgame.com/stats.php?id=60573,
Formula One,,http://blocgame.com/stats.php?id=64832,
Type-Moon,,http://blocgame.com/stats.php?id=64833,
East Tanzia,Socialist Arab Union,http://blocgame.com/stats.php?id=64550,
New Hollywood,America's Finest,http://blocgame.com/stats.php?id=64747,
Peutschland,The Order,http://blocgame.com/stats.php?id=63261,
Ireldan,,http://blocgame.com/stats.php?id=64011,
hypocrates,Brotherhood of Nod,http://blocgame.com/stats.php?id=64450,
Belac,The Federal Colonies,http://blocgame.com/stats.php?id=64183,
Picanninia,Uncivilized Africans,http://blocgame.com/stats.php?id=64400,
Priuze,World Socialism,http://blocgame.com/stats.php?id=64742,
theonehundred,,http://blocgame.com/stats.php?id=64336,
osfrog,,http://blocgame.com/stats.php?id=64344,
empire hanafi,,http://blocgame.com/stats.php?id=64663,
jarheadwarriors,,http://blocgame.com/stats.php?id=64228,
Joseph Stalin,,http://blocgame.com/stats.php?id=64425,
Al Khalifa,Steel Brotherhood,http://blocgame.com/stats.php?id=64736,
Necessidades,Steel Brotherhood,http://blocgame.com/stats.php?id=63925,
Colony 9,,http://blocgame.com/stats.php?id=64493,
Jaymes,Steel Brotherhood,http://blocgame.com/stats.php?id=64779,
Zion,The United Nations,http://blocgame.com/stats.php?id=41496,
Utopia,Steel Brotherhood,http://blocgame.com/stats.php?id=40759,
Iraq,,http://blocgame.com/stats.php?id=40446,
Maos,,http://blocgame.com/stats.php?id=64483,
Lombar,,http://blocgame.com/stats.php?id=64489,
La Cruz,,http://blocgame.com/stats.php?id=64490,
Vape,Socialist Arab Union,http://blocgame.com/stats.php?id=62642,
Chetzerland,,http://blocgame.com/stats.php?id=64680,
Rojavay�,Socialist Arab Union,http://blocgame.com/stats.php?id=64788,
Sioux Nation,,http://blocgame.com/stats.php?id=48829,
Perez,,http://blocgame.com/stats.php?id=64527,
Niggermania,,http://blocgame.com/stats.php?id=64748,
Ussk,PIRATES,http://blocgame.com/stats.php?id=62132,
Dosilia,,http://blocgame.com/stats.php?id=64904,
Lain,The Order,http://blocgame.com/stats.php?id=54938,
Military101,,http://blocgame.com/stats.php?id=64273,
GRAVYPIPE,SPQR,http://blocgame.com/stats.php?id=64560,
Australia Minor,USAS,http://blocgame.com/stats.php?id=64843,
Fenix,,http://blocgame.com/stats.php?id=58875,
Novonia,,http://blocgame.com/stats.php?id=64536,
FckNigas,,http://blocgame.com/stats.php?id=64767,
Porter,SPQR,http://blocgame.com/stats.php?id=45939,
Rare_Pepes,The Order,http://blocgame.com/stats.php?id=63313,
Selle Isla,SPQR,http://blocgame.com/stats.php?id=64991,
yeeeet,,http://blocgame.com/stats.php?id=59818,
Monsanto,,http://blocgame.com/stats.php?id=64494,
Fanboys,Comintern,http://blocgame.com/stats.php?id=64178,
Dumbdumb,,http://blocgame.com/stats.php?id=63201,
4th Reich,,http://blocgame.com/stats.php?id=64754,
damnbro,,http://blocgame.com/stats.php?id=64705,
gloriousleader1,,http://blocgame.com/stats.php?id=64299,
Milania,,http://blocgame.com/stats.php?id=64773,
Kolisnia,World Socialism,http://blocgame.com/stats.php?id=64822,
Yamada,Steel Brotherhood,http://blocgame.com/stats.php?id=64884,
Mardonia,,http://blocgame.com/stats.php?id=40172,
CroatForces,,http://blocgame.com/stats.php?id=56005,
kutu_babi,,http://blocgame.com/stats.php?id=64636,
povertunion,The Order,http://blocgame.com/stats.php?id=64429,
Kelvenia,,http://blocgame.com/stats.php?id=61410,
SuperDuper,,http://blocgame.com/stats.php?id=64894,
Rostock,,http://blocgame.com/stats.php?id=40376,
Tsimshianland,,http://blocgame.com/stats.php?id=62854,
Colomba,,http://blocgame.com/stats.php?id=64530,
Bratavia,,http://blocgame.com/stats.php?id=60351,
bosspizzpls,,http://blocgame.com/stats.php?id=64296,
fuckmejerry,The Order,http://blocgame.com/stats.php?id=64451,
Qara Qoyunlu,,http://blocgame.com/stats.php?id=64487,
Lantany,,http://blocgame.com/stats.php?id=64529,
weebsunite,,http://blocgame.com/stats.php?id=64356,
BrownPeople,Socialist Arab Union,http://blocgame.com/stats.php?id=64484,
Crossmaglen,,http://blocgame.com/stats.php?id=64759,
Lork,,http://blocgame.com/stats.php?id=64526,
cuba5587,,http://blocgame.com/stats.php?id=60080,
Slavistan,,http://blocgame.com/stats.php?id=64113,
Cavetta,Communist Raiders,http://blocgame.com/stats.php?id=64933,
\\\'Muricca,,http://blocgame.com/stats.php?id=64753,
Rolekia,The Warmongers,http://blocgame.com/stats.php?id=64821,
WHITEPOWER,,http://blocgame.com/stats.php?id=64482,
IRONCLAD,,http://blocgame.com/stats.php?id=64858,
Ukraina,The Divine Council,http://blocgame.com/stats.php?id=64990,
newbeerpg,,http://blocgame.com/stats.php?id=64880,
merlinidota,,http://blocgame.com/stats.php?id=64846,
Chinkostan,The Order,http://blocgame.com/stats.php?id=64521,
dwan,The Order,http://blocgame.com/stats.php?id=64598,
Candylandville,,http://blocgame.com/stats.php?id=64757,
Canson,,http://blocgame.com/stats.php?id=64772,
Chaldea,,http://blocgame.com/stats.php?id=64774,
Conkordia,,http://blocgame.com/stats.php?id=64777,
Nazi Empire,,http://blocgame.com/stats.php?id=64819,
DaSanese,The Order,http://blocgame.com/stats.php?id=64610,
Planeptune,Interpol,http://blocgame.com/stats.php?id=55590,
Davestan,,http://blocgame.com/stats.php?id=64491,
Kateriae,The Order,http://blocgame.com/stats.php?id=64503,
Rexemus,,http://blocgame.com/stats.php?id=64864,
Morganna,PanWorld Alliance,http://blocgame.com/stats.php?id=64321,
Tech-Land,,http://blocgame.com/stats.php?id=64799,
Brundenas,,http://blocgame.com/stats.php?id=64857,
Soviet Prussia,Communist Raiders,http://blocgame.com/stats.php?id=64882,
Cologia,,http://blocgame.com/stats.php?id=64890,
BokoHaram,,http://blocgame.com/stats.php?id=64953,
Portland,Interpol,http://blocgame.com/stats.php?id=51583,
North Kvasno,,http://blocgame.com/stats.php?id=52369,
pasemboq,PIRATES,http://blocgame.com/stats.php?id=64845,
York Island,PIRATES,http://blocgame.com/stats.php?id=64122,
Darken,,http://blocgame.com/stats.php?id=64823,
Radiation,,http://blocgame.com/stats.php?id=64839,
Double A,,http://blocgame.com/stats.php?id=64615,
Horrellia,,http://blocgame.com/stats.php?id=64626,
Gabenistan,,http://blocgame.com/stats.php?id=64453,
lmaokai,,http://blocgame.com/stats.php?id=64701,
Zix,,http://blocgame.com/stats.php?id=64744,
Shanchun,,http://blocgame.com/stats.php?id=64897,
Bluedenstone,Steel Brotherhood,http://blocgame.com/stats.php?id=58045,
Brightbay,,http://blocgame.com/stats.php?id=64817,
Galliana,,http://blocgame.com/stats.php?id=64861,
Silveran,,http://blocgame.com/stats.php?id=64873,
Adventus,,http://blocgame.com/stats.php?id=47979,
Casto Rico,SPQR,http://blocgame.com/stats.php?id=64885,
Bozzica,,http://blocgame.com/stats.php?id=64837,
Minnikonia,Minnikolisnia Treaty,http://blocgame.com/stats.php?id=64847,
qwertyuioppp,Brotherhood of Nod,http://blocgame.com/stats.php?id=61873,
Irrelevant,The United Nations,http://blocgame.com/stats.php?id=64032,
wonker,,http://blocgame.com/stats.php?id=64896,
mylifeformeme,,http://blocgame.com/stats.php?id=64829,
dbeedell,,http://blocgame.com/stats.php?id=64830,
jaydensmith,,http://blocgame.com/stats.php?id=64831,
Demolunatics,,http://blocgame.com/stats.php?id=59515,
teamliquid,,http://blocgame.com/stats.php?id=64841,
tsmyellowstar,,http://blocgame.com/stats.php?id=64852,
potrofic,,http://blocgame.com/stats.php?id=64869,
Sernabia,,http://blocgame.com/stats.php?id=64906,
Mazov,,http://blocgame.com/stats.php?id=64533,
egsumail,,http://blocgame.com/stats.php?id=64848,
Yummy,,http://blocgame.com/stats.php?id=64911,
Tzanum,,http://blocgame.com/stats.php?id=64771,
Aristocria,Socialist Arab Union,http://blocgame.com/stats.php?id=64850,
giff2gd,,http://blocgame.com/stats.php?id=64878,
lennyface,,http://blocgame.com/stats.php?id=64879,
Saimon,,http://blocgame.com/stats.php?id=64856,
Sahuarita,,http://blocgame.com/stats.php?id=64889,
Apolosia,The Order,http://blocgame.com/stats.php?id=64900,
Wessex,,http://blocgame.com/stats.php?id=64910,
admiral haz,The Order,http://blocgame.com/stats.php?id=60473,
laclippers,,http://blocgame.com/stats.php?id=64706,
outplayed,,http://blocgame.com/stats.php?id=64714,
supplyblock,,http://blocgame.com/stats.php?id=64715,
ninjasinpyjamas,,http://blocgame.com/stats.php?id=64730,
ktrolster,,http://blocgame.com/stats.php?id=64733,
cjentus,,http://blocgame.com/stats.php?id=64735,
mexicanwall,,http://blocgame.com/stats.php?id=64294,
Ken,,http://blocgame.com/stats.php?id=64859,
Antiquia,,http://blocgame.com/stats.php?id=64863,
Angola-Zaire,,http://blocgame.com/stats.php?id=64865,
Egyptania,,http://blocgame.com/stats.php?id=64866,
Hoshimori,,http://blocgame.com/stats.php?id=64924,
Gumniaki,,http://blocgame.com/stats.php?id=61536,
Saladia,,http://blocgame.com/stats.php?id=64886,
Romalonia,,http://blocgame.com/stats.php?id=64888,
Mer Perle,,http://blocgame.com/stats.php?id=64905,
Fiddle Dogs,The Divine Council,http://blocgame.com/stats.php?id=59470,
davidandgoliath,,http://blocgame.com/stats.php?id=64292,
Yankee Doodle,,http://blocgame.com/stats.php?id=64551,
Sg Api,,http://blocgame.com/stats.php?id=64798,
bokunopico,,http://blocgame.com/stats.php?id=64827,
nadota,,http://blocgame.com/stats.php?id=64838,
thuglife,,http://blocgame.com/stats.php?id=64840,
The Lost,,http://blocgame.com/stats.php?id=40441,
SteelSoul,,http://blocgame.com/stats.php?id=50406,
Strongburnz,,http://blocgame.com/stats.php?id=59220,
Shekeltopia,The Order,http://blocgame.com/stats.php?id=64775,
FuckPussyStan,,http://blocgame.com/stats.php?id=64781,
Vail,,http://blocgame.com/stats.php?id=64826,
Belginia,,http://blocgame.com/stats.php?id=64895,
burning bush,,http://blocgame.com/stats.php?id=64898,
Krisdons,,http://blocgame.com/stats.php?id=64909,
Codani,,http://blocgame.com/stats.php?id=64913,
Petrova,League of Nations,http://blocgame.com/stats.php?id=64938,
Kotak Tisu,,http://blocgame.com/stats.php?id=64958,
South yemen,,http://blocgame.com/stats.php?id=50446,
Anthony,,http://blocgame.com/stats.php?id=62825,
Billybobjoe,,http://blocgame.com/stats.php?id=64929,
Hidin,,http://blocgame.com/stats.php?id=64108,
patelstan,Steel Brotherhood,http://blocgame.com/stats.php?id=58837,
vrandirland,,http://blocgame.com/stats.php?id=64916,
nbaworthy,,http://blocgame.com/stats.php?id=64295,
Glorious Power,,http://blocgame.com/stats.php?id=64765,
Musso,,http://blocgame.com/stats.php?id=64809,
Minnes,,http://blocgame.com/stats.php?id=64814,
Kukimbia,,http://blocgame.com/stats.php?id=40060,
PMAOA,,http://blocgame.com/stats.php?id=54574,
SarnYa,,http://blocgame.com/stats.php?id=64793,
Creamy Memes,,http://blocgame.com/stats.php?id=64815,
UK Empire,,http://blocgame.com/stats.php?id=64816,
Svetia,,http://blocgame.com/stats.php?id=64876,
Comasaki,,http://blocgame.com/stats.php?id=64919,
Macedonain,,http://blocgame.com/stats.php?id=64925,
star,The Divine Council,http://blocgame.com/stats.php?id=64928,
Nikomahovska,,http://blocgame.com/stats.php?id=64931,
Azerthia,,http://blocgame.com/stats.php?id=64932,
Hall,,http://blocgame.com/stats.php?id=64935,
Bearlong,,http://blocgame.com/stats.php?id=64936,
WELFARE MOKEYS,,http://blocgame.com/stats.php?id=64763,
dickinmybutt,ISIS,http://blocgame.com/stats.php?id=64780,
Shew Nation,,http://blocgame.com/stats.php?id=64794,
Westeria North,,http://blocgame.com/stats.php?id=64948,
Mosl,,http://blocgame.com/stats.php?id=64810,
Velum,,http://blocgame.com/stats.php?id=64811,
Misto,,http://blocgame.com/stats.php?id=64812,
Verta�s,,http://blocgame.com/stats.php?id=64824,
Carranza,,http://blocgame.com/stats.php?id=64842,
Rucova,,http://blocgame.com/stats.php?id=64939,
PadangJarak,,http://blocgame.com/stats.php?id=64954,
Richyland,,http://blocgame.com/stats.php?id=64967,
Korhal,,http://blocgame.com/stats.php?id=61310,
sultallian,,http://blocgame.com/stats.php?id=64119,
beyondthesummit,,http://blocgame.com/stats.php?id=64320,
marshawnlynch,,http://blocgame.com/stats.php?id=64709,
richtexan,,http://blocgame.com/stats.php?id=64711,
teamsolomid,,http://blocgame.com/stats.php?id=64732,
afreecafreecs,,http://blocgame.com/stats.php?id=64734,
Made of Beans,HellYeah,http://blocgame.com/stats.php?id=64806,
Yarzulem,,http://blocgame.com/stats.php?id=64887,
Novelle,,http://blocgame.com/stats.php?id=64941,
Africa,,http://blocgame.com/stats.php?id=40083,
Levinthia,,http://blocgame.com/stats.php?id=60720,
Newasher,,http://blocgame.com/stats.php?id=64940,
Niggerwagia,,http://blocgame.com/stats.php?id=64942,
Memerusys,,http://blocgame.com/stats.php?id=64947,
Seraph,,http://blocgame.com/stats.php?id=64949,
New Cuba,,http://blocgame.com/stats.php?id=64950,
the Maniolas,,http://blocgame.com/stats.php?id=64957,
Palm,,http://blocgame.com/stats.php?id=64959,
southern myr,,http://blocgame.com/stats.php?id=60804,
lolwuts,,http://blocgame.com/stats.php?id=64704,
Kung Fu Man,,http://blocgame.com/stats.php?id=53585,
Mardavia,,http://blocgame.com/stats.php?id=64770,
Orcrinon,,http://blocgame.com/stats.php?id=64783,
Ganthiger,,http://blocgame.com/stats.php?id=64784,
TheWlo0orld,Dark Ones,http://blocgame.com/stats.php?id=64787,
pimbalandia,,http://blocgame.com/stats.php?id=64789,
Anglo-Hansa,,http://blocgame.com/stats.php?id=64791,
Oopday,,http://blocgame.com/stats.php?id=64835,
Dormund,,http://blocgame.com/stats.php?id=64899,
Asgurd,,http://blocgame.com/stats.php?id=64960,
DerpSideistan,,http://blocgame.com/stats.php?id=40440,
ratdotabestdota,,http://blocgame.com/stats.php?id=64316,
Egypto,,http://blocgame.com/stats.php?id=64802,
aspete lapete,,http://blocgame.com/stats.php?id=64915,
Brentica,,http://blocgame.com/stats.php?id=64922,
identitiesys,,http://blocgame.com/stats.php?id=64475,
Mulan,,http://blocgame.com/stats.php?id=64956,
Arborline,,http://blocgame.com/stats.php?id=64963,
Dacoromania,,http://blocgame.com/stats.php?id=59402,
Wolfveiria,Steel Brotherhood,http://blocgame.com/stats.php?id=64523,
notidehunter,,http://blocgame.com/stats.php?id=64849,
Coriloni,Interpol,http://blocgame.com/stats.php?id=64892,
Riftenland,Steel Brotherhood,http://blocgame.com/stats.php?id=64917,
Baxten,,http://blocgame.com/stats.php?id=64934,
Corpos,,http://blocgame.com/stats.php?id=64962,
Ramen,Shkreli's Soldiers,http://blocgame.com/stats.php?id=64803,
bars,HellYeah,http://blocgame.com/stats.php?id=64862,
Sodia,,http://blocgame.com/stats.php?id=64944,
BULWELL,,http://blocgame.com/stats.php?id=64946,
Koreochina,USAS,http://blocgame.com/stats.php?id=64961,
Tacotopia,,http://blocgame.com/stats.php?id=64987,
Hexis,The Divine Council,http://blocgame.com/stats.php?id=57551,
meowtopia,,http://blocgame.com/stats.php?id=64994,
SKYTRAIL,,http://blocgame.com/stats.php?id=64995,
navifanboy,,http://blocgame.com/stats.php?id=64317,
Kingdom states,,http://blocgame.com/stats.php?id=64464,
shoza,,http://blocgame.com/stats.php?id=64797,
nodazia,,http://blocgame.com/stats.php?id=64952,
Tokai,The Order,http://blocgame.com/stats.php?id=64972,
Liberteria,,http://blocgame.com/stats.php?id=64978,
City 17,,http://blocgame.com/stats.php?id=64980,
Magrathea,,http://blocgame.com/stats.php?id=64984,
mentari,SPQR,http://blocgame.com/stats.php?id=64986,
Qing Benjgn,,http://blocgame.com/stats.php?id=64997,
eddylane,,http://blocgame.com/stats.php?id=64920,
Arentina,,http://blocgame.com/stats.php?id=64930,
Huka,,http://blocgame.com/stats.php?id=64966,
Plazania,,http://blocgame.com/stats.php?id=64968,
logictech,Steel Brotherhood,http://blocgame.com/stats.php?id=64969,
Flipon,,http://blocgame.com/stats.php?id=64976,
ID 309,Brotherhood of Nod,http://blocgame.com/stats.php?id=64985,
Lamigrastan,,http://blocgame.com/stats.php?id=46152,
SomaliFarmers,,http://blocgame.com/stats.php?id=64225,
Ruberduck,The Holy Knights,http://blocgame.com/stats.php?id=64662,
Nuka-Cola,,http://blocgame.com/stats.php?id=64893,
penang fc,PIRATES,http://blocgame.com/stats.php?id=64923,
tongkatali,,http://blocgame.com/stats.php?id=64973,
Hazelnut Union,,http://blocgame.com/stats.php?id=64983,
ACROSS,,http://blocgame.com/stats.php?id=64992,
Trumped,,http://blocgame.com/stats.php?id=64752,
red,Steel Brotherhood,http://blocgame.com/stats.php?id=64927,
Lucianstan,Comintern,http://blocgame.com/stats.php?id=50168,
Vardosky,,http://blocgame.com/stats.php?id=62023,
Mono,Seafour,http://blocgame.com/stats.php?id=64979,
S O M A,Seafour,http://blocgame.com/stats.php?id=64981,
Kyra,,http://blocgame.com/stats.php?id=64989,
Ambra,,http://blocgame.com/stats.php?id=46355,
Made in China,,http://blocgame.com/stats.php?id=64820,
Zaetoria,,http://blocgame.com/stats.php?id=64999,
Statzen,,http://blocgame.com/stats.php?id=65005,
Numeria,,http://blocgame.com/stats.php?id=42223,
Brikania,,http://blocgame.com/stats.php?id=64998,
Themida,,http://blocgame.com/stats.php?id=65000,
Abu Khanatra,,http://blocgame.com/stats.php?id=65001,
Gondollin,,http://blocgame.com/stats.php?id=65003,
Saladah,,http://blocgame.com/stats.php?id=65004,
Coalition,,http://blocgame.com/stats.php?id=65008,
jdlkasfh,,http://blocgame.com/stats.php?id=65009,
Iron_kid14,,http://blocgame.com/stats.php?id=65010,
kebulur,The Order,http://blocgame.com/stats.php?id=64971,
Tom and Jerry,,http://blocgame.com/stats.php?id=64288,
Hong Macau,,http://blocgame.com/stats.php?id=64729,
Turan Devleti,,http://blocgame.com/stats.php?id=64982,
Zanyaristan,,http://blocgame.com/stats.php?id=64891,
North Oman,Steel Brotherhood,http://blocgame.com/stats.php?id=9620,
Ahmadica,,http://blocgame.com/stats.php?id=65011,
Trollkaku,,http://blocgame.com/stats.php?id=65012,
Columbiana,,http://blocgame.com/stats.php?id=65014,
Lhaos,,http://blocgame.com/stats.php?id=65016,
New Sandez,,http://blocgame.com/stats.php?id=65017,
Domland,,http://blocgame.com/stats.php?id=65018,
Yuck,,http://blocgame.com/stats.php?id=65019,
Shaanxi,,http://blocgame.com/stats.php?id=65020,
Brytopia,,http://blocgame.com/stats.php?id=65021,
United South,,http://blocgame.com/stats.php?id=65022,
Paripolis,,http://blocgame.com/stats.php?id=65023,
WolfEinstein,Conservadorism,http://blocgame.com/stats.php?id=65025,
Jigaboo Tribe,,http://blocgame.com/stats.php?id=65027,
Mooncrickets,,http://blocgame.com/stats.php?id=65029,
GODLESS BLACKS,,http://blocgame.com/stats.php?id=65030,
Mauritius,,http://blocgame.com/stats.php?id=65031,
Well Bad,,http://blocgame.com/stats.php?id=65032,
People Struggle,,http://blocgame.com/stats.php?id=64883,
Lakepointe,,http://blocgame.com/stats.php?id=64908,
Panarasia,,http://blocgame.com/stats.php?id=64860,
Svalbard,,http://blocgame.com/stats.php?id=64943,
Horacio,,http://blocgame.com/stats.php?id=64674,
Trumperwave,,http://blocgame.com/stats.php?id=64868,
Hitiki,,http://blocgame.com/stats.php?id=64907,
deicide,HellYeah,http://blocgame.com/stats.php?id=64818,
Haramia,,http://blocgame.com/stats.php?id=52802,
ZY,PIRATES,http://blocgame.com/stats.php?id=64559,
Lusitan,,http://blocgame.com/stats.php?id=58894,
Liberstine,,http://blocgame.com/stats.php?id=64634,
Kryzirstan,,http://blocgame.com/stats.php?id=64854,
Immunidad,,http://blocgame.com/stats.php?id=64955,
US Empire,Shkreli's Soldiers,http://blocgame.com/stats.php?id=64804,
Hogwr,,http://blocgame.com/stats.php?id=64807,
Butt,,http://blocgame.com/stats.php?id=58078,
Sakajawia,,http://blocgame.com/stats.php?id=52810,
Sadanca,HellYeah,http://blocgame.com/stats.php?id=64805,
argentina,Che Guevara League,http://blocgame.com/stats.php?id=39074,
amanandhiswife,,http://blocgame.com/stats.php?id=64719,
Etruscan,,http://blocgame.com/stats.php?id=64666,
New Indochina,420 Empire,http://blocgame.com/stats.php?id=64713,
Egyiptias,,http://blocgame.com/stats.php?id=64926,
Faketopia,,http://blocgame.com/stats.php?id=64708,
Lipo2,,http://blocgame.com/stats.php?id=64808,
SSSA,,http://blocgame.com/stats.php?id=64751,
Poorfags,Steel Brotherhood,http://blocgame.com/stats.php?id=64871,
ggwplol,,http://blocgame.com/stats.php?id=64707,
Samgrad,,http://blocgame.com/stats.php?id=64844,
Rhodies,,http://blocgame.com/stats.php?id=63706,
South Australia,,http://blocgame.com/stats.php?id=64739,
Asmern,,http://blocgame.com/stats.php?id=53700,
SN,HellYeah,http://blocgame.com/stats.php?id=64825,
Gold Coast,Steel Brotherhood,http://blocgame.com/stats.php?id=64988,
Creamy Meme,,http://blocgame.com/stats.php?id=64874,
Brungariasst,,http://blocgame.com/stats.php?id=61331,
CornHub,,http://blocgame.com/stats.php?id=64766,
New Diogris,,http://blocgame.com/stats.php?id=64964,
Bonerica,,http://blocgame.com/stats.php?id=64760,
Ventures,Federation,http://blocgame.com/stats.php?id=64951,
Atlinia,,http://blocgame.com/stats.php?id=64758,
Helghast Union,,http://blocgame.com/stats.php?id=64762,
Notrealistan,FuckFishy,http://blocgame.com/stats.php?id=64801,
Firestar,Steel Brotherhood,http://blocgame.com/stats.php?id=64695,
