country,leader,alliance,army_size,navy,equipment,factories,training,last_online,region/_source,alliance/_text,gdp,alliance/_source,region/_text,uranium,manpower,airforce,region,territory,pageUrl,oil_reserves
Eisen,Balthazaar,http://www.blocgame.com/alliancestats.php?allianceid=1599,108k active personnel,24 ships,Almost Modern,10 factories,Elite,online now,rankings.php?subregion=chi,Wreckage brothers,$8884 million,alliancestats.php?allianceid=1599,China,1 Tons,Untapped,Very Powerful,http://www.blocgame.com/rankings.php?subregion=chi,75203 km 2,http://www.blocgame.com/stats.php?id=53566,
HiredGun,FreeCharge,http://www.blocgame.com/alliancestats.php?allianceid=1599,195k active personnel,50 ships,Persian Gulf War surplus,10 factories,Good,online now,rankings.php?subregion=egy,Wreckage brothers,$2855 million,alliancestats.php?allianceid=1599,Egypt,,Untapped,Very Powerful,http://www.blocgame.com/rankings.php?subregion=egy,67081 km 2,http://www.blocgame.com/stats.php?id=53353,
Diamond Heaven,Big Boss aka Venom Snake,http://www.blocgame.com/alliancestats.php?allianceid=1580,20k active personnel,0 ships,First World War surplus,1 factory,Elite,last online 1 hours ago,rankings.php?subregion=egy,Brotherhood of Nod,$310 million,alliancestats.php?allianceid=1580,Egypt,,Untapped,Meagre,http://www.blocgame.com/rankings.php?subregion=egy,20300 km 2,http://www.blocgame.com/stats.php?id=59427,8094 Mbbl
LottaLoyaTee,"Smee, Son of Sheev",http://www.blocgame.com/alliancestats.php?allianceid=1599,162k active personnel,11 ships,Vietnam War surplus,9 factories,Elite,online now,rankings.php?subregion=waf,Wreckage brothers,$6177 million,alliancestats.php?allianceid=1599,West Africa,1 Tons,Untapped,Powerful,http://www.blocgame.com/rankings.php?subregion=waf,45312 km 2,http://www.blocgame.com/stats.php?id=54693,45 Mbbl
Hamshiretonland,Lord Hamshiretonburrough,http://www.blocgame.com/alliancestats.php?allianceid=1580,80k active personnel,0 ships,Korean War surplus,3 factories,Standard,last online 1 hours ago,rankings.php?subregion=congo,Brotherhood of Nod,$545 million,alliancestats.php?allianceid=1580,Congo,,Untapped,Very Powerful,http://www.blocgame.com/rankings.php?subregion=congo,20244 km 2,http://www.blocgame.com/stats.php?id=58470,465 Mbbl
Hejaaz,Umar,http://www.blocgame.com/alliancestats.php?allianceid=1599,155k active personnel,3 ships,Korean War surplus,3 factories,Good,online now,rankings.php?subregion=mes,Wreckage brothers,$1501 million,alliancestats.php?allianceid=1599,Mesopotamia,1 Tons,Depleted,Large,http://www.blocgame.com/rankings.php?subregion=mes,31226 km 2,http://www.blocgame.com/stats.php?id=58497,7823 Mbbl
Toread,andkon,http://www.blocgame.com/alliancestats.php?allianceid=1651,171k active personnel,19 ships,Almost Modern,8 factories,Good,last online 2 hours ago,rankings.php?subregion=sub,UoHN,$3387 million,alliancestats.php?allianceid=1651,The Subcontinent,1 Tons,Untapped,Powerful,http://www.blocgame.com/rankings.php?subregion=sub,50573 km 2,http://www.blocgame.com/stats.php?id=54530,
Zorlockian,Zorlocka,http://www.blocgame.com/alliancestats.php?allianceid=1386,27k active personnel,3 ships,Second World War surplus,3 factories,Elite,last online 2 hours ago,rankings.php?subregion=per,Che Guevara League,$631 million,alliancestats.php?allianceid=1386,Persia,,Plentiful,Mediocre,http://www.blocgame.com/rankings.php?subregion=per,26873 km 2,http://www.blocgame.com/stats.php?id=58422,3253 Mbbl
Jerkoffstan,Eric The Brutal,,42k active personnel,0 ships,First World War surplus,3 factories,Elite,last online 2 hours ago,rankings.php?subregion=per,,$347 million,,Persia,,,Mediocre,http://www.blocgame.com/rankings.php?subregion=per,23116 km 2,http://www.blocgame.com/stats.php?id=59405,3234 Mbbl
New Caucasus,Cotton Luther,http://www.blocgame.com/alliancestats.php?allianceid=1568,160k active personnel,11 ships,Persian Gulf War surplus,7 factories,Elite,last online 1 hours ago,rankings.php?subregion=saf,Brotherhood of Zion,$7096 million,alliancestats.php?allianceid=1568,Southern Africa,,,Very Powerful,http://www.blocgame.com/rankings.php?subregion=saf,57634 km 2,http://www.blocgame.com/stats.php?id=4392,
Funktahulia,Sweet Baby Doc,http://www.blocgame.com/alliancestats.php?allianceid=1401,210k active personnel,0 ships,Persian Gulf War surplus,10 factories,Good,last online 2 hours ago,rankings.php?subregion=car,The Federal Colonies,$4107 million,alliancestats.php?allianceid=1401,Caribbean,,Plentiful,Powerful,http://www.blocgame.com/rankings.php?subregion=car,44828 km 2,http://www.blocgame.com/stats.php?id=47179,
JaMon,amschind,http://www.blocgame.com/alliancestats.php?allianceid=1401,238k active personnel,0 ships,Persian Gulf War surplus,10 factories,Elite,last online 2 hours ago,rankings.php?subregion=car,The Federal Colonies,$11532 million,alliancestats.php?allianceid=1401,Caribbean,,Untapped,Very Powerful,http://www.blocgame.com/rankings.php?subregion=car,42064 km 2,http://www.blocgame.com/stats.php?id=44573,294 Mbbl
Ekodebota,tfwqtp2tlgf|;3,http://www.blocgame.com/alliancestats.php?allianceid=1599,299k active personnel,52 ships,Advanced,15 factories,Elite,last online 2 hours ago,rankings.php?subregion=atl,Wreckage brothers,$18636 million,alliancestats.php?allianceid=1599,Atlas,,Untapped,Very Powerful,http://www.blocgame.com/rankings.php?subregion=atl,78615 km 2,http://www.blocgame.com/stats.php?id=53422,
jOOskoland,jOOsko,http://www.blocgame.com/alliancestats.php?allianceid=1651,95k active personnel,47 ships,Almost Modern,11 factories,Standard,online now,rankings.php?subregion=atl,UoHN,$4298 million,alliancestats.php?allianceid=1651,Atlas,,Plentiful,Very Powerful,http://www.blocgame.com/rankings.php?subregion=atl,72281 km 2,http://www.blocgame.com/stats.php?id=55410,
The Kebabtopol,Ghaddafini,http://www.blocgame.com/alliancestats.php?allianceid=1393,437k active personnel,8 ships,Persian Gulf War surplus,10 factories,Standard,last online 1 hours ago,rankings.php?subregion=sea,BAMF,$7428 million,alliancestats.php?allianceid=1393,Indochina,,Plentiful,Very Powerful,http://www.blocgame.com/rankings.php?subregion=sea,69401 km 2,http://www.blocgame.com/stats.php?id=40117,
Boreaking1977,Boreaking1977,,39k active personnel,0 ships,First World War surplus,None,Elite,last online 5 hours ago,rankings.php?subregion=congo,,$298 million,,Congo,,Plentiful,None,http://www.blocgame.com/rankings.php?subregion=congo,20207 km 2,http://www.blocgame.com/stats.php?id=59439,
Urubigguay,A big guy,http://www.blocgame.com/alliancestats.php?allianceid=1835,126k active personnel,11 ships,Almost Modern,8 factories,Good,last online 3 hours ago,rankings.php?subregion=ara,Non Aligned Movement,$3788 million,alliancestats.php?allianceid=1835,Arabia,,Untapped,Very Powerful,http://www.blocgame.com/rankings.php?subregion=ara,80760 km 2,http://www.blocgame.com/stats.php?id=53076,
I Am Mad,I Am Mad,http://www.blocgame.com/alliancestats.php?allianceid=1644,120k active personnel,22 ships,Second World War surplus,4 factories,Elite,online now,rankings.php?subregion=mes,Inter/pol/,$5806 million,alliancestats.php?allianceid=1644,Mesopotamia,,,Very Powerful,http://www.blocgame.com/rankings.php?subregion=mes,49028 km 2,http://www.blocgame.com/stats.php?id=58303,16055 Mbbl
rarara,redmex16,http://www.blocgame.com/alliancestats.php?allianceid=1644,47k active personnel,0 ships,First World War surplus,1 factory,Elite,online now,rankings.php?subregion=mex,Inter/pol/,$752 million,alliancestats.php?allianceid=1644,Mesoamerica,,,Small,http://www.blocgame.com/rankings.php?subregion=mex,20665 km 2,http://www.blocgame.com/stats.php?id=59099,
Boomtown,Rataca1000,http://www.blocgame.com/alliancestats.php?allianceid=1576,67k active personnel,9 ships,Vietnam War surplus,3 factories,Elite,last online 4 hours ago,rankings.php?subregion=chi,The Last Phoenix,$6863 million,alliancestats.php?allianceid=1576,China,,Plentiful,Large,http://www.blocgame.com/rankings.php?subregion=chi,6586 km 2,http://www.blocgame.com/stats.php?id=50054,120 Mbbl
Lusitan,Lusitan,http://www.blocgame.com/alliancestats.php?allianceid=1580,33k active personnel,0 ships,First World War surplus,1 factory,Poor,last online 6 hours ago,rankings.php?subregion=chi,Brotherhood of Nod,$1524 million,alliancestats.php?allianceid=1580,China,,Untapped,Mediocre,http://www.blocgame.com/rankings.php?subregion=chi,46132 km 2,http://www.blocgame.com/stats.php?id=58894,
Texano,Eden,http://www.blocgame.com/alliancestats.php?allianceid=1393,554k active personnel,70 ships,Persian Gulf War surplus,16 factories,Elite,online now,rankings.php?subregion=per,BAMF,$8603 million,alliancestats.php?allianceid=1393,Persia,,Plentiful,Very Powerful,http://www.blocgame.com/rankings.php?subregion=per,105619 km 2,http://www.blocgame.com/stats.php?id=52354,753 Mbbl
Fenix,fr33d0mpt,http://www.blocgame.com/alliancestats.php?allianceid=1580,54k active personnel,1 ships,Finest of the 19th century,2 factories,Standard,online now,rankings.php?subregion=chi,Brotherhood of Nod,$1155 million,alliancestats.php?allianceid=1580,China,,Untapped,Somewhat Large,http://www.blocgame.com/rankings.php?subregion=chi,29352 km 2,http://www.blocgame.com/stats.php?id=58875,41 Mbbl
Tirbreninesau,Mackushstra,http://www.blocgame.com/alliancestats.php?allianceid=1756,78k active personnel,1 ships,First World War surplus,2 factories,Good,last online 7 hours ago,rankings.php?subregion=gui,The Golden Company,$1774 million,alliancestats.php?allianceid=1756,Guinea,,,Meagre,http://www.blocgame.com/rankings.php?subregion=gui,26057 km 2,http://www.blocgame.com/stats.php?id=59037,184 Mbbl
Huaxia,Cin Gungtang,http://www.blocgame.com/alliancestats.php?allianceid=1580,124k active personnel,5 ships,Second World War surplus,5 factories,Good,last online 4 hours ago,rankings.php?subregion=chi,Brotherhood of Nod,$3815 million,alliancestats.php?allianceid=1580,China,,Near Depletion,Large,http://www.blocgame.com/rankings.php?subregion=chi,21781 km 2,http://www.blocgame.com/stats.php?id=58320,
Mï¿½rg,albertps,http://www.blocgame.com/alliancestats.php?allianceid=1644,190k active personnel,11 ships,Korean War surplus,7 factories,Standard,online now,rankings.php?subregion=ind,Inter/pol/,$1086 million,alliancestats.php?allianceid=1644,East Indies,,,Large,http://www.blocgame.com/rankings.php?subregion=ind,46935 km 2,http://www.blocgame.com/stats.php?id=58356,16 Mbbl
Mongolstan,Khan,http://www.blocgame.com/alliancestats.php?allianceid=1568,928k active personnel,62 ships,Advanced,29 factories,Good,last online 1 hours ago,rankings.php?subregion=chi,Brotherhood of Zion,$19788 million,alliancestats.php?allianceid=1568,China,2 Tons,Untapped,Very Powerful,http://www.blocgame.com/rankings.php?subregion=chi,111289 km 2,http://www.blocgame.com/stats.php?id=47945,
Swadia,SonnyJack,http://www.blocgame.com/alliancestats.php?allianceid=1580,220k active personnel,1 ships,Persian Gulf War surplus,11 factories,Good,last online 8 hours ago,rankings.php?subregion=ara,Brotherhood of Nod,$7539 million,alliancestats.php?allianceid=1580,Arabia,,,Very Powerful,http://www.blocgame.com/rankings.php?subregion=ara,72187 km 2,http://www.blocgame.com/stats.php?id=40011,
Great Poverty,SamoGrrr,http://www.blocgame.com/alliancestats.php?allianceid=1568,263k active personnel,51 ships,Persian Gulf War surplus,10 factories,Good,online now,rankings.php?subregion=congo,Brotherhood of Zion,$11332 million,alliancestats.php?allianceid=1568,Congo,,,Very Powerful,http://www.blocgame.com/rankings.php?subregion=congo,36198 km 2,http://www.blocgame.com/stats.php?id=52440,
NMZ,Hally,http://www.blocgame.com/alliancestats.php?allianceid=1568,207k active personnel,0 ships,Persian Gulf War surplus,7 factories,Elite,last online 12 hours ago,rankings.php?subregion=chi,Brotherhood of Zion,$2051 million,alliancestats.php?allianceid=1568,China,,Untapped,Very Powerful,http://www.blocgame.com/rankings.php?subregion=chi,50545 km 2,http://www.blocgame.com/stats.php?id=51877,53 Mbbl
Cigars,El Caballo,http://www.blocgame.com/alliancestats.php?allianceid=1568,141k active personnel,0 ships,Almost Modern,4 factories,Good,last online 13 hours ago,rankings.php?subregion=car,Brotherhood of Zion,$2356 million,alliancestats.php?allianceid=1568,Caribbean,,Untapped,Very Powerful,http://www.blocgame.com/rankings.php?subregion=car,52663 km 2,http://www.blocgame.com/stats.php?id=52087,
Bubupooka,Princess Rahalia,http://www.blocgame.com/alliancestats.php?allianceid=1568,166k active personnel,4 ships,Persian Gulf War surplus,6 factories,Elite,last online 1 hours ago,rankings.php?subregion=saf,Brotherhood of Zion,$4333 million,alliancestats.php?allianceid=1568,Southern Africa,,,Very Powerful,http://www.blocgame.com/rankings.php?subregion=saf,54688 km 2,http://www.blocgame.com/stats.php?id=44960,
Plob,plox,http://www.blocgame.com/alliancestats.php?allianceid=1447,2k active personnel,4 ships,Second World War surplus,3 factories,Elite,online now,rankings.php?subregion=ara,Socialist Arab Union,$3593 million,alliancestats.php?allianceid=1447,Arabia,,Plentiful,Mediocre,http://www.blocgame.com/rankings.php?subregion=ara,20430 km 2,http://www.blocgame.com/stats.php?id=58260,2926 Mbbl
Taggart,Dagny,http://www.blocgame.com/alliancestats.php?allianceid=1756,40k active personnel,2 ships,Finest of the 19th century,2 factories,Elite,last online 10 hours ago,rankings.php?subregion=gui,The Golden Company,$312 million,alliancestats.php?allianceid=1756,Guinea,,Depleted,Meagre,http://www.blocgame.com/rankings.php?subregion=gui,20295 km 2,http://www.blocgame.com/stats.php?id=59387,
ghfghfg,jakobenkell,,24k active personnel,0 ships,First World War surplus,None,Elite,online now,rankings.php?subregion=congo,,$422 million,,Congo,,Untapped,None,http://www.blocgame.com/rankings.php?subregion=congo,22045 km 2,http://www.blocgame.com/stats.php?id=59412,162 Mbbl
CIRD,John Wayne Gasey,http://www.blocgame.com/alliancestats.php?allianceid=1651,237k active personnel,30 ships,Persian Gulf War surplus,12 factories,Elite,last online 17 hours ago,rankings.php?subregion=ara,UoHN,$6402 million,alliancestats.php?allianceid=1651,Arabia,,Untapped,Very Powerful,http://www.blocgame.com/rankings.php?subregion=ara,70026 km 2,http://www.blocgame.com/stats.php?id=51022,
Jam,pbjam,http://www.blocgame.com/alliancestats.php?allianceid=1580,109k active personnel,17 ships,Korean War surplus,5 factories,Elite,last online 2 hours ago,rankings.php?subregion=ind,Brotherhood of Nod,$4156 million,alliancestats.php?allianceid=1580,East Indies,,Untapped,Very Powerful,http://www.blocgame.com/rankings.php?subregion=ind,30009 km 2,http://www.blocgame.com/stats.php?id=56490,
Herpderpastan,Herpderpmcderp,http://www.blocgame.com/alliancestats.php?allianceid=1393,198k active personnel,14 ships,Almost Modern,10 factories,Elite,last online 2 hours ago,rankings.php?subregion=per,BAMF,$2156 million,alliancestats.php?allianceid=1393,Persia,,Untapped,Very Powerful,http://www.blocgame.com/rankings.php?subregion=per,44224 km 2,http://www.blocgame.com/stats.php?id=40615,
Maskettia,qqqqq,http://www.blocgame.com/alliancestats.php?allianceid=1599,323k active personnel,1 ships,Persian Gulf War surplus,14 factories,Standard,last online 2 hours ago,rankings.php?subregion=ara,Wreckage brothers,$5554 million,alliancestats.php?allianceid=1599,Arabia,,Untapped,Very Powerful,http://www.blocgame.com/rankings.php?subregion=ara,53071 km 2,http://www.blocgame.com/stats.php?id=52872,
Samosa,Jewboy,,18k active personnel,0 ships,First World War surplus,None,Undisciplined Rabble,online now,rankings.php?subregion=ara,,$397 million,,Arabia,,,Meagre,http://www.blocgame.com/rankings.php?subregion=ara,27856 km 2,http://www.blocgame.com/stats.php?id=59258,3981 Mbbl
Translandia,5Six,http://www.blocgame.com/alliancestats.php?allianceid=1568,181k active personnel,0 ships,Persian Gulf War surplus,6 factories,Elite,last online 13 hours ago,rankings.php?subregion=pac,Brotherhood of Zion,$3108 million,alliancestats.php?allianceid=1568,Pacific Rim,,Untapped,Very Powerful,http://www.blocgame.com/rankings.php?subregion=pac,52025 km 2,http://www.blocgame.com/stats.php?id=46112,224 Mbbl
Sodor,Sir Topham Hatt,http://www.blocgame.com/alliancestats.php?allianceid=1644,51k active personnel,21 ships,Korean War surplus,12 factories,Good,last online 1 hours ago,rankings.php?subregion=egy,Inter/pol/,$7073 million,alliancestats.php?allianceid=1644,Egypt,,Plentiful,Powerful,http://www.blocgame.com/rankings.php?subregion=egy,92638 km 2,http://www.blocgame.com/stats.php?id=54806,6694 Mbbl
Bluedenstone,Patelman,http://www.blocgame.com/alliancestats.php?allianceid=1580,239k active personnel,11 ships,Second World War surplus,5 factories,Good,last online 22 hours ago,rankings.php?subregion=car,Brotherhood of Nod,$4443 million,alliancestats.php?allianceid=1580,Caribbean,,Near Depletion,Large,http://www.blocgame.com/rankings.php?subregion=car,35070 km 2,http://www.blocgame.com/stats.php?id=58045,
NotCommies,Shockwave151,http://www.blocgame.com/alliancestats.php?allianceid=1832,2k active personnel,0 ships,First World War surplus,1 factory,Elite,last online 14 hours ago,rankings.php?subregion=ind,Council of Skrubs,$320 million,alliancestats.php?allianceid=1832,East Indies,,Untapped,None,http://www.blocgame.com/rankings.php?subregion=ind,19800 km 2,http://www.blocgame.com/stats.php?id=59346,
Beaners,Judge Judy,http://www.blocgame.com/alliancestats.php?allianceid=1651,95k active personnel,20 ships,Vietnam War surplus,4 factories,Good,last online 3 hours ago,rankings.php?subregion=mex,UoHN,$2180 million,alliancestats.php?allianceid=1651,Mesoamerica,,Plentiful,Very Powerful,http://www.blocgame.com/rankings.php?subregion=mex,32119 km 2,http://www.blocgame.com/stats.php?id=55673,70 Mbbl
Grestin,Nikita Khrushchev,http://www.blocgame.com/alliancestats.php?allianceid=1644,110k active personnel,1 ships,Korean War surplus,6 factories,Standard,online now,rankings.php?subregion=chi,Inter/pol/,$745 million,alliancestats.php?allianceid=1644,China,,,Large,http://www.blocgame.com/rankings.php?subregion=chi,56540 km 2,http://www.blocgame.com/stats.php?id=58002,11 Mbbl
Marijuana,Weed is Good the III,http://www.blocgame.com/alliancestats.php?allianceid=1580,124k active personnel,12 ships,Korean War surplus,3 factories,Standard,last online 21 hours ago,rankings.php?subregion=car,Brotherhood of Nod,$2018 million,alliancestats.php?allianceid=1580,Caribbean,,Untapped,Very Powerful,http://www.blocgame.com/rankings.php?subregion=car,25870 km 2,http://www.blocgame.com/stats.php?id=56663,179 Mbbl
sand naggers,Evil,http://www.blocgame.com/alliancestats.php?allianceid=1393,123k active personnel,11 ships,Korean War surplus,6 factories,Elite,online now,rankings.php?subregion=per,BAMF,$1717 million,alliancestats.php?allianceid=1393,Persia,,,Very Powerful,http://www.blocgame.com/rankings.php?subregion=per,37446 km 2,http://www.blocgame.com/stats.php?id=58130,10299 Mbbl
San Palomino,Akiravo,http://www.blocgame.com/alliancestats.php?allianceid=1651,192k active personnel,23 ships,Almost Modern,8 factories,Elite,last online 13 hours ago,rankings.php?subregion=per,UoHN,$5641 million,alliancestats.php?allianceid=1651,Persia,,Plentiful,Large,http://www.blocgame.com/rankings.php?subregion=per,42064 km 2,http://www.blocgame.com/stats.php?id=51103,
Dutch Indies,Tony Lovink,http://www.blocgame.com/alliancestats.php?allianceid=1599,46k active personnel,3 ships,Second World War surplus,2 factories,Good,last online 7 hours ago,rankings.php?subregion=ind,Wreckage brothers,$311 million,alliancestats.php?allianceid=1599,East Indies,,Untapped,None,http://www.blocgame.com/rankings.php?subregion=ind,20401 km 2,http://www.blocgame.com/stats.php?id=59424,90 Mbbl
Upper Laos,BroskiMcBroham,http://www.blocgame.com/alliancestats.php?allianceid=1682,117k active personnel,20 ships,Vietnam War surplus,6 factories,Elite,last online 2 hours ago,rankings.php?subregion=sea,S.T.A.L.K.E.R.,$4389 million,alliancestats.php?allianceid=1682,Indochina,,Untapped,Somewhat Large,http://www.blocgame.com/rankings.php?subregion=sea,30276 km 2,http://www.blocgame.com/stats.php?id=55575,
Kersumsos,Kersumsos,http://www.blocgame.com/alliancestats.php?allianceid=1393,231k active personnel,52 ships,Almost Modern,16 factories,Standard,last online 8 hours ago,rankings.php?subregion=chi,BAMF,$13087 million,alliancestats.php?allianceid=1393,China,,Plentiful,Powerful,http://www.blocgame.com/rankings.php?subregion=chi,91357 km 2,http://www.blocgame.com/stats.php?id=46317,
Imaginary Land,Chet Manly,,59k active personnel,0 ships,Second World War surplus,2 factories,Good,last online 7 hours ago,rankings.php?subregion=pac,,$983 million,,Pacific Rim,,Plentiful,Somewhat Large,http://www.blocgame.com/rankings.php?subregion=pac,20656 km 2,http://www.blocgame.com/stats.php?id=58961,
Nuremburg,Heinrich,http://www.blocgame.com/alliancestats.php?allianceid=1595,168k active personnel,27 ships,Almost Modern,8 factories,Good,last online 10 hours ago,rankings.php?subregion=chi,The High Council,$8663 million,alliancestats.php?allianceid=1595,China,,Untapped,Large,http://www.blocgame.com/rankings.php?subregion=chi,32859 km 2,http://www.blocgame.com/stats.php?id=53615,
SlavLand,Tsar Svetoslav,http://www.blocgame.com/alliancestats.php?allianceid=1651,89k active personnel,16 ships,Vietnam War surplus,8 factories,Elite,last online 7 hours ago,rankings.php?subregion=per,UoHN,$3376 million,alliancestats.php?allianceid=1651,Persia,2 Tons,,Powerful,http://www.blocgame.com/rankings.php?subregion=per,44157 km 2,http://www.blocgame.com/stats.php?id=51011,2213 Mbbl
Geli Kurd,Rando,http://www.blocgame.com/alliancestats.php?allianceid=1568,197k active personnel,9 ships,Advanced,4 factories,Elite,last online 12 hours ago,rankings.php?subregion=mes,Brotherhood of Zion,$1367 million,alliancestats.php?allianceid=1568,Mesopotamia,,Untapped,Very Powerful,http://www.blocgame.com/rankings.php?subregion=mes,65319 km 2,http://www.blocgame.com/stats.php?id=47768,4041 Mbbl
Clownaland,Clowny,http://www.blocgame.com/alliancestats.php?allianceid=1568,142k active personnel,2 ships,Almost Modern,6 factories,Elite,last online 12 hours ago,rankings.php?subregion=congo,Brotherhood of Zion,$2949 million,alliancestats.php?allianceid=1568,Congo,,Untapped,Very Powerful,http://www.blocgame.com/rankings.php?subregion=congo,62655 km 2,http://www.blocgame.com/stats.php?id=46942,174 Mbbl
deepfriedbutter,kittenSmasher,http://www.blocgame.com/alliancestats.php?allianceid=1393,188k active personnel,51 ships,Persian Gulf War surplus,17 factories,Good,last online 1 hours ago,rankings.php?subregion=waf,BAMF,$11625 million,alliancestats.php?allianceid=1393,West Africa,,Plentiful,Very Powerful,http://www.blocgame.com/rankings.php?subregion=waf,92780 km 2,http://www.blocgame.com/stats.php?id=44479,
Umbrella corp,Miss. Parks,http://www.blocgame.com/alliancestats.php?allianceid=1595,82k active personnel,11 ships,Almost Modern,5 factories,Elite,last online 13 hours ago,rankings.php?subregion=chi,The High Council,$3790 million,alliancestats.php?allianceid=1595,China,,Plentiful,Small,http://www.blocgame.com/rankings.php?subregion=chi,33695 km 2,http://www.blocgame.com/stats.php?id=54467,
Yoxtopistan,Yoxernator,http://www.blocgame.com/alliancestats.php?allianceid=1651,61k active personnel,8 ships,Vietnam War surplus,4 factories,Elite,last online 7 hours ago,rankings.php?subregion=egy,UoHN,$2746 million,alliancestats.php?allianceid=1651,Egypt,,Untapped,Very Powerful,http://www.blocgame.com/rankings.php?subregion=egy,14480 km 2,http://www.blocgame.com/stats.php?id=50922,7141 Mbbl
Yoxtopistan,Yoxernator,http://www.blocgame.com/alliancestats.php?allianceid=1651,61k active personnel,8 ships,Vietnam War surplus,4 factories,Elite,last online 7 hours ago,rankings.php?subregion=egy,UoHN,$2746 million,alliancestats.php?allianceid=1651,Egypt,,Untapped,Very Powerful,http://www.blocgame.com/rankings.php?subregion=egy,14480 km 2,http://www.blocgame.com/stats.php?id=50922,7141 Mbbl
The_Wookies,JeepersCreepers,http://www.blocgame.com/alliancestats.php?allianceid=1580,178k active personnel,15 ships,Korean War surplus,5 factories,Elite,online now,rankings.php?subregion=sub,Brotherhood of Nod,$1480 million,alliancestats.php?allianceid=1580,The Subcontinent,,Untapped,Very Powerful,http://www.blocgame.com/rankings.php?subregion=sub,43264 km 2,http://www.blocgame.com/stats.php?id=58003,
Yazu,Goobi,http://www.blocgame.com/alliancestats.php?allianceid=1568,399k active personnel,0 ships,Advanced,4 factories,Elite,last online 14 hours ago,rankings.php?subregion=ara,Brotherhood of Zion,$635 million,alliancestats.php?allianceid=1568,Arabia,,Untapped,Very Powerful,http://www.blocgame.com/rankings.php?subregion=ara,31057 km 2,http://www.blocgame.com/stats.php?id=46519,9035 Mbbl
QonoS,Tmonsta,http://www.blocgame.com/alliancestats.php?allianceid=1595,165k active personnel,31 ships,Persian Gulf War surplus,8 factories,Elite,online now,rankings.php?subregion=chi,The High Council,$10487 million,alliancestats.php?allianceid=1595,China,,Untapped,Somewhat Large,http://www.blocgame.com/rankings.php?subregion=chi,27691 km 2,http://www.blocgame.com/stats.php?id=44539,
Vekta,Strongbad,http://www.blocgame.com/alliancestats.php?allianceid=1595,180k active personnel,10 ships,Almost Modern,8 factories,Good,last online 14 hours ago,rankings.php?subregion=pac,The High Council,$9191 million,alliancestats.php?allianceid=1595,Pacific Rim,,Untapped,Large,http://www.blocgame.com/rankings.php?subregion=pac,45617 km 2,http://www.blocgame.com/stats.php?id=46288,
crump,dowgamere,http://www.blocgame.com/alliancestats.php?allianceid=1820,42k active personnel,0 ships,First World War surplus,None,Good,last online 18 hours ago,rankings.php?subregion=mes,Mojave Wanderers,$391 million,alliancestats.php?allianceid=1820,Mesopotamia,,Plentiful,Mediocre,http://www.blocgame.com/rankings.php?subregion=mes,24226 km 2,http://www.blocgame.com/stats.php?id=59193,6662 Mbbl
hadouken,Mikeisgay,http://www.blocgame.com/alliancestats.php?allianceid=1756,80k active personnel,4 ships,First World War surplus,3 factories,Elite,last online 10 hours ago,rankings.php?subregion=egy,The Golden Company,$757 million,alliancestats.php?allianceid=1756,Egypt,,,Meagre,http://www.blocgame.com/rankings.php?subregion=egy,37652 km 2,http://www.blocgame.com/stats.php?id=59113,5638 Mbbl
kocksmashistan,negerus prime,http://www.blocgame.com/alliancestats.php?allianceid=1393,266k active personnel,51 ships,Persian Gulf War surplus,11 factories,Elite,last online 7 hours ago,rankings.php?subregion=sub,BAMF,$16930 million,alliancestats.php?allianceid=1393,The Subcontinent,,Untapped,Very Powerful,http://www.blocgame.com/rankings.php?subregion=sub,41364 km 2,http://www.blocgame.com/stats.php?id=49792,
Durkstan,Talib,http://www.blocgame.com/alliancestats.php?allianceid=1644,134k active personnel,11 ships,Korean War surplus,8 factories,Good,last online 23 hours ago,rankings.php?subregion=atl,Inter/pol/,$2475 million,alliancestats.php?allianceid=1644,Atlas,,Plentiful,Very Powerful,http://www.blocgame.com/rankings.php?subregion=atl,59766 km 2,http://www.blocgame.com/stats.php?id=56559,
Arizona,Layez,http://www.blocgame.com/alliancestats.php?allianceid=1393,109k active personnel,7 ships,Korean War surplus,5 factories,Elite,online now,rankings.php?subregion=mex,BAMF,$5345 million,alliancestats.php?allianceid=1393,Mesoamerica,,Untapped,Large,http://www.blocgame.com/rankings.php?subregion=mex,20600 km 2,http://www.blocgame.com/stats.php?id=56856,79 Mbbl
A$AP Mob,A$AP in tha Trap,,27k active personnel,0 ships,Finest of the 19th century,None,Good,last online 26 hours ago,rankings.php?subregion=car,,$314 million,,Caribbean,,Untapped,None,http://www.blocgame.com/rankings.php?subregion=car,20000 km 2,http://www.blocgame.com/stats.php?id=59375,344 Mbbl
Hasting,President Austin,http://www.blocgame.com/alliancestats.php?allianceid=1644,223k active personnel,30 ships,Persian Gulf War surplus,10 factories,Good,last online 8 hours ago,rankings.php?subregion=ara,Inter/pol/,$3992 million,alliancestats.php?allianceid=1644,Arabia,,Untapped,Large,http://www.blocgame.com/rankings.php?subregion=ara,46679 km 2,http://www.blocgame.com/stats.php?id=53965,
Malacau,inth0x,,20k active personnel,0 ships,Finest of the 19th century,1 factory,Good,last online 8 hours ago,rankings.php?subregion=sea,,$411 million,,Indochina,,Untapped,Meagre,http://www.blocgame.com/rankings.php?subregion=sea,20788 km 2,http://www.blocgame.com/stats.php?id=59315,
Kennethland,Kenneth,http://www.blocgame.com/alliancestats.php?allianceid=1568,249k active personnel,42 ships,Advanced,13 factories,Good,last online 22 hours ago,rankings.php?subregion=gra,Brotherhood of Zion,$16189 million,alliancestats.php?allianceid=1568,Gran Colombia,,Untapped,Very Powerful,http://www.blocgame.com/rankings.php?subregion=gra,68721 km 2,http://www.blocgame.com/stats.php?id=47662,
Zanzabarland,Taza,http://www.blocgame.com/alliancestats.php?allianceid=1393,292k active personnel,51 ships,Persian Gulf War surplus,13 factories,Elite,last online 9 hours ago,rankings.php?subregion=per,BAMF,$16766 million,alliancestats.php?allianceid=1393,Persia,,Untapped,Powerful,http://www.blocgame.com/rankings.php?subregion=per,44316 km 2,http://www.blocgame.com/stats.php?id=40078,133 Mbbl
Agair,miguel angel,,30k active personnel,0 ships,Second World War surplus,1 factory,Good,last online 14 hours ago,rankings.php?subregion=gra,,$1087 million,,Gran Colombia,,Untapped,Meagre,http://www.blocgame.com/rankings.php?subregion=gra,20594 km 2,http://www.blocgame.com/stats.php?id=46015,22 Mbbl
Enkellus,JakobEnkel,,42k active personnel,0 ships,Finest of the 19th century,None,Good,online now,rankings.php?subregion=congo,,$312 million,,Congo,,Untapped,None,http://www.blocgame.com/rankings.php?subregion=congo,20773 km 2,http://www.blocgame.com/stats.php?id=59395,266 Mbbl
Enklonia,Rodger Enkle,http://www.blocgame.com/alliancestats.php?allianceid=1833,20k active personnel,0 ships,Finest of the 19th century,None,Good,last online 50 hours ago,rankings.php?subregion=congo,MLC,$335 million,alliancestats.php?allianceid=1833,Congo,,Untapped,None,http://www.blocgame.com/rankings.php?subregion=congo,20398 km 2,http://www.blocgame.com/stats.php?id=59397,
Esmair,muffjin,http://www.blocgame.com/alliancestats.php?allianceid=1393,124k active personnel,26 ships,Almost Modern,4 factories,Good,last online 14 hours ago,rankings.php?subregion=sea,BAMF,$2490 million,alliancestats.php?allianceid=1393,Indochina,,Untapped,Very Powerful,http://www.blocgame.com/rankings.php?subregion=sea,34026 km 2,http://www.blocgame.com/stats.php?id=40882,
Broules,Xing Cheung,http://www.blocgame.com/alliancestats.php?allianceid=1644,113k active personnel,2 ships,Almost Modern,11 factories,Elite,last online 1 hours ago,rankings.php?subregion=pac,Inter/pol/,$7332 million,alliancestats.php?allianceid=1644,Pacific Rim,,,Very Powerful,http://www.blocgame.com/rankings.php?subregion=pac,36070 km 2,http://www.blocgame.com/stats.php?id=55591,
Argon,Argus,http://www.blocgame.com/alliancestats.php?allianceid=1644,96k active personnel,9 ships,Korean War surplus,5 factories,Elite,last online 7 hours ago,rankings.php?subregion=atl,Inter/pol/,$2937 million,alliancestats.php?allianceid=1644,Atlas,,,Powerful,http://www.blocgame.com/rankings.php?subregion=atl,34855 km 2,http://www.blocgame.com/stats.php?id=57323,7057 Mbbl
Truinibad,Truin Andrest,http://www.blocgame.com/alliancestats.php?allianceid=1393,428k active personnel,88 ships,Advanced,31 factories,Elite,online now,rankings.php?subregion=ara,BAMF,$27025 million,alliancestats.php?allianceid=1393,Arabia,2 Tons,Untapped,Very Powerful,http://www.blocgame.com/rankings.php?subregion=ara,161651 km 2,http://www.blocgame.com/stats.php?id=52331,5878 Mbbl
LOCAI,Agumentic,http://www.blocgame.com/alliancestats.php?allianceid=1393,87k active personnel,50 ships,Persian Gulf War surplus,10 factories,Elite,online now,rankings.php?subregion=saf,BAMF,$14801 million,alliancestats.php?allianceid=1393,Southern Africa,,Near Depletion,Very Powerful,http://www.blocgame.com/rankings.php?subregion=saf,43402 km 2,http://www.blocgame.com/stats.php?id=53011,
Cascoia,unioncomic,http://www.blocgame.com/alliancestats.php?allianceid=1644,96k active personnel,33 ships,Almost Modern,11 factories,Elite,last online 9 hours ago,rankings.php?subregion=ara,Inter/pol/,$5786 million,alliancestats.php?allianceid=1644,Arabia,,Plentiful,Very Powerful,http://www.blocgame.com/rankings.php?subregion=ara,75445 km 2,http://www.blocgame.com/stats.php?id=54174,
El Dorito,Captain Chedder,http://www.blocgame.com/alliancestats.php?allianceid=1580,5k active personnel,0 ships,First World War surplus,1 factory,Standard,last online 42 hours ago,rankings.php?subregion=car,Brotherhood of Nod,$571 million,alliancestats.php?allianceid=1580,Caribbean,,Plentiful,Somewhat Large,http://www.blocgame.com/rankings.php?subregion=car,29359 km 2,http://www.blocgame.com/stats.php?id=58599,231 Mbbl
Savarnia,Kxxvc,http://www.blocgame.com/alliancestats.php?allianceid=1644,134k active personnel,19 ships,Almost Modern,10 factories,Elite,online now,rankings.php?subregion=pac,Inter/pol/,$5222 million,alliancestats.php?allianceid=1644,Pacific Rim,,Depleted,Very Powerful,http://www.blocgame.com/rankings.php?subregion=pac,64901 km 2,http://www.blocgame.com/stats.php?id=57059,
Whitey,Knee Grow,http://www.blocgame.com/alliancestats.php?allianceid=1568,196k active personnel,64 ships,Almost Modern,11 factories,Good,last online 7 hours ago,rankings.php?subregion=waf,Brotherhood of Zion,$10896 million,alliancestats.php?allianceid=1568,West Africa,,Near Depletion,Powerful,http://www.blocgame.com/rankings.php?subregion=waf,70097 km 2,http://www.blocgame.com/stats.php?id=4816,15 Mbbl
Wielkopl,taikuh,http://www.blocgame.com/alliancestats.php?allianceid=1594,252k active personnel,25 ships,Persian Gulf War surplus,14 factories,Good,online now,rankings.php?subregion=pac,The Cartel,$4731 million,alliancestats.php?allianceid=1594,Pacific Rim,4 Tons,Untapped,Very Powerful,http://www.blocgame.com/rankings.php?subregion=pac,92747 km 2,http://www.blocgame.com/stats.php?id=42376,
WUBstep,WUBstep,http://www.blocgame.com/alliancestats.php?allianceid=1580,228k active personnel,26 ships,Advanced,8 factories,Elite,online now,rankings.php?subregion=per,Brotherhood of Nod,$6932 million,alliancestats.php?allianceid=1580,Persia,,Plentiful,Very Powerful,http://www.blocgame.com/rankings.php?subregion=per,104330 km 2,http://www.blocgame.com/stats.php?id=39023,2445 Mbbl
Morjei,FlairWoW,http://www.blocgame.com/alliancestats.php?allianceid=1568,179k active personnel,50 ships,Persian Gulf War surplus,11 factories,Elite,online now,rankings.php?subregion=sea,Brotherhood of Zion,$17348 million,alliancestats.php?allianceid=1568,Indochina,,Depleted,Powerful,http://www.blocgame.com/rankings.php?subregion=sea,44129 km 2,http://www.blocgame.com/stats.php?id=53068,
kurdastan,stax,http://www.blocgame.com/alliancestats.php?allianceid=1568,323k active personnel,1 ships,Advanced,5 factories,Elite,last online 14 hours ago,rankings.php?subregion=per,Brotherhood of Zion,$6195 million,alliancestats.php?allianceid=1568,Persia,,Untapped,Very Powerful,http://www.blocgame.com/rankings.php?subregion=per,93049 km 2,http://www.blocgame.com/stats.php?id=44907,6406 Mbbl
Celtic Nations,BigWilly526,http://www.blocgame.com/alliancestats.php?allianceid=1580,105k active personnel,34 ships,Persian Gulf War surplus,14 factories,Elite,last online 12 hours ago,rankings.php?subregion=per,Brotherhood of Nod,$11414 million,alliancestats.php?allianceid=1580,Persia,,,Powerful,http://www.blocgame.com/rankings.php?subregion=per,63487 km 2,http://www.blocgame.com/stats.php?id=7511,479 Mbbl
Duterte,Rodrigo Duterte,http://www.blocgame.com/alliancestats.php?allianceid=1393,129k active personnel,2 ships,Korean War surplus,8 factories,Elite,online now,rankings.php?subregion=sea,BAMF,$4054 million,alliancestats.php?allianceid=1393,Indochina,,Depleted,Very Powerful,http://www.blocgame.com/rankings.php?subregion=sea,42209 km 2,http://www.blocgame.com/stats.php?id=57937,
Starlight,Shardok95120,http://www.blocgame.com/alliancestats.php?allianceid=1651,82k active personnel,15 ships,Almost Modern,9 factories,Good,last online 2 hours ago,rankings.php?subregion=pac,UoHN,$5046 million,alliancestats.php?allianceid=1651,Pacific Rim,,Untapped,Large,http://www.blocgame.com/rankings.php?subregion=pac,56279 km 2,http://www.blocgame.com/stats.php?id=55690,
al-Qatal,Poldena,http://www.blocgame.com/alliancestats.php?allianceid=1644,9k active personnel,10 ships,Korean War surplus,6 factories,Good,last online 1 hours ago,rankings.php?subregion=ara,Inter/pol/,$5571 million,alliancestats.php?allianceid=1644,Arabia,,Untapped,Powerful,http://www.blocgame.com/rankings.php?subregion=ara,48329 km 2,http://www.blocgame.com/stats.php?id=57996,1008 Mbbl
Sqynet,robosax,http://www.blocgame.com/alliancestats.php?allianceid=1568,122k active personnel,2 ships,Advanced,6 factories,Elite,last online 1 hours ago,rankings.php?subregion=saf,Brotherhood of Zion,$4481 million,alliancestats.php?allianceid=1568,Southern Africa,40 Tons,Untapped,Very Powerful,http://www.blocgame.com/rankings.php?subregion=saf,87581 km 2,http://www.blocgame.com/stats.php?id=52255,
Foundation,Danzo,http://www.blocgame.com/alliancestats.php?allianceid=1568,198k active personnel,11 ships,Almost Modern,5 factories,Elite,last online 12 hours ago,rankings.php?subregion=chi,Brotherhood of Zion,$2208 million,alliancestats.php?allianceid=1568,China,,Untapped,Very Powerful,http://www.blocgame.com/rankings.php?subregion=chi,82712 km 2,http://www.blocgame.com/stats.php?id=46870,
MoonMania,MoonMan,http://www.blocgame.com/alliancestats.php?allianceid=1393,128k active personnel,15 ships,Almost Modern,8 factories,Elite,last online 6 hours ago,rankings.php?subregion=ama,BAMF,$13309 million,alliancestats.php?allianceid=1393,Amazonia,,Untapped,Very Powerful,http://www.blocgame.com/rankings.php?subregion=ama,34346 km 2,http://www.blocgame.com/stats.php?id=53650,
Azhdahagate,Azhdaha_Panzer,http://www.blocgame.com/alliancestats.php?allianceid=1580,160k active personnel,39 ships,Almost Modern,20 factories,Standard,online now,rankings.php?subregion=mes,Brotherhood of Nod,$3146 million,alliancestats.php?allianceid=1580,Mesopotamia,,Plentiful,Very Powerful,http://www.blocgame.com/rankings.php?subregion=mes,113726 km 2,http://www.blocgame.com/stats.php?id=52422,
Versail,Chairman,http://www.blocgame.com/alliancestats.php?allianceid=1644,62k active personnel,3 ships,Persian Gulf War surplus,6 factories,Elite,last online 7 hours ago,rankings.php?subregion=car,Inter/pol/,$16889 million,alliancestats.php?allianceid=1644,Caribbean,,,Powerful,http://www.blocgame.com/rankings.php?subregion=car,29694 km 2,http://www.blocgame.com/stats.php?id=45646,
Idiocracy,Chillintelligence,http://www.blocgame.com/alliancestats.php?allianceid=1644,396k active personnel,23 ships,Persian Gulf War surplus,18 factories,Elite,online now,rankings.php?subregion=mes,Inter/pol/,$1371 million,alliancestats.php?allianceid=1644,Mesopotamia,23 Tons,Near Depletion,Very Powerful,http://www.blocgame.com/rankings.php?subregion=mes,147713 km 2,http://www.blocgame.com/stats.php?id=49383,3441 Mbbl
Walmart,Jeddy,http://www.blocgame.com/alliancestats.php?allianceid=1644,14k active personnel,8 ships,Korean War surplus,3 factories,Elite,online now,rankings.php?subregion=chi,Inter/pol/,$2179 million,alliancestats.php?allianceid=1644,China,,,Very Powerful,http://www.blocgame.com/rankings.php?subregion=chi,47637 km 2,http://www.blocgame.com/stats.php?id=57903,
British Egypt,Montgomery,http://www.blocgame.com/alliancestats.php?allianceid=1393,2k active personnel,49 ships,Persian Gulf War surplus,4 factories,Elite,online now,rankings.php?subregion=egy,BAMF,$8968 million,alliancestats.php?allianceid=1393,Egypt,,Near Depletion,Large,http://www.blocgame.com/rankings.php?subregion=egy,25795 km 2,http://www.blocgame.com/stats.php?id=45596,8130 Mbbl
Albertistan,King Istan,http://www.blocgame.com/alliancestats.php?allianceid=1393,65k active personnel,2 ships,Vietnam War surplus,8 factories,Elite,online now,rankings.php?subregion=chi,BAMF,$4711 million,alliancestats.php?allianceid=1393,China,,Depleted,Mediocre,http://www.blocgame.com/rankings.php?subregion=chi,42055 km 2,http://www.blocgame.com/stats.php?id=55877,110 Mbbl
Bermuda,London J. Collins,http://www.blocgame.com/alliancestats.php?allianceid=1393,90k active personnel,3 ships,Korean War surplus,2 factories,Elite,last online 10 hours ago,rankings.php?subregion=car,BAMF,$2485 million,alliancestats.php?allianceid=1393,Caribbean,,Untapped,Powerful,http://www.blocgame.com/rankings.php?subregion=car,47146 km 2,http://www.blocgame.com/stats.php?id=58252,54 Mbbl
FIFA,Seff Blatter,http://www.blocgame.com/alliancestats.php?allianceid=1580,154k active personnel,11 ships,Korean War surplus,5 factories,Elite,last online 24 hours ago,rankings.php?subregion=ama,Brotherhood of Nod,$2125 million,alliancestats.php?allianceid=1580,Amazonia,,Untapped,Powerful,http://www.blocgame.com/rankings.php?subregion=ama,41330 km 2,http://www.blocgame.com/stats.php?id=56829,
freeedom,mr president,,34k active personnel,0 ships,Finest of the 19th century,None,Elite,last online 73 hours ago,rankings.php?subregion=per,,$296 million,,Persia,,Untapped,None,http://www.blocgame.com/rankings.php?subregion=per,20200 km 2,http://www.blocgame.com/stats.php?id=59368,
Chicken,Turkey,http://www.blocgame.com/alliancestats.php?allianceid=1644,40k active personnel,8 ships,Vietnam War surplus,2 factories,Elite,last online 22 hours ago,rankings.php?subregion=chi,Inter/pol/,$1497 million,alliancestats.php?allianceid=1644,China,,Untapped,Very Powerful,http://www.blocgame.com/rankings.php?subregion=chi,62991 km 2,http://www.blocgame.com/stats.php?id=55275,
Pompeii,Lykos,http://www.blocgame.com/alliancestats.php?allianceid=1835,57k active personnel,1 ships,Second World War surplus,7 factories,Standard,online now,rankings.php?subregion=per,Non Aligned Movement,$804 million,alliancestats.php?allianceid=1835,Persia,,Untapped,Somewhat Large,http://www.blocgame.com/rankings.php?subregion=per,27384 km 2,http://www.blocgame.com/stats.php?id=39021,2528 Mbbl
Westerden,rdf123,,10k active personnel,0 ships,Finest of the 19th century,None,Standard,last online 86 hours ago,rankings.php?subregion=chi,,$282 million,,China,,Untapped,None,http://www.blocgame.com/rankings.php?subregion=chi,15850 km 2,http://www.blocgame.com/stats.php?id=59351,
Alanies,Alany,http://www.blocgame.com/alliancestats.php?allianceid=1644,135k active personnel,15 ships,Almost Modern,9 factories,Elite,online now,rankings.php?subregion=mes,Inter/pol/,$5466 million,alliancestats.php?allianceid=1644,Mesopotamia,,Plentiful,Powerful,http://www.blocgame.com/rankings.php?subregion=mes,40646 km 2,http://www.blocgame.com/stats.php?id=54617,8038 Mbbl
Darkstone,Trakel,http://www.blocgame.com/alliancestats.php?allianceid=1393,156k active personnel,4 ships,Korean War surplus,7 factories,Elite,last online 2 hours ago,rankings.php?subregion=pac,BAMF,$1179 million,alliancestats.php?allianceid=1393,Pacific Rim,,Untapped,Very Powerful,http://www.blocgame.com/rankings.php?subregion=pac,61350 km 2,http://www.blocgame.com/stats.php?id=57176,
Awesomeria,killbodies,http://www.blocgame.com/alliancestats.php?allianceid=1568,100k active personnel,14 ships,Korean War surplus,7 factories,Elite,online now,rankings.php?subregion=saf,Brotherhood of Zion,$3146 million,alliancestats.php?allianceid=1568,Southern Africa,,Depleted,Mediocre,http://www.blocgame.com/rankings.php?subregion=saf,39764 km 2,http://www.blocgame.com/stats.php?id=57755,
Purassia,Vegeta4901,,3k active personnel,0 ships,Finest of the 19th century,None,Elite,last online 14 hours ago,rankings.php?subregion=car,,$241 million,,Caribbean,,Near Depletion,Meagre,http://www.blocgame.com/rankings.php?subregion=car,24388 km 2,http://www.blocgame.com/stats.php?id=59217,
Jevgeniumland,Jevgenerus,http://www.blocgame.com/alliancestats.php?allianceid=1568,186k active personnel,8 ships,Almost Modern,10 factories,Good,last online 1 hours ago,rankings.php?subregion=saf,Brotherhood of Zion,$8169 million,alliancestats.php?allianceid=1568,Southern Africa,,Plentiful,Very Powerful,http://www.blocgame.com/rankings.php?subregion=saf,69480 km 2,http://www.blocgame.com/stats.php?id=55289,139 Mbbl
FlySoGood,ycheez,http://www.blocgame.com/alliancestats.php?allianceid=1599,95k active personnel,15 ships,Persian Gulf War surplus,5 factories,Good,last online 2 hours ago,rankings.php?subregion=pac,Wreckage brothers,$7049 million,alliancestats.php?allianceid=1599,Pacific Rim,,Near Depletion,Small,http://www.blocgame.com/rankings.php?subregion=pac,48147 km 2,http://www.blocgame.com/stats.php?id=54541,
Showerland,Showerman,http://www.blocgame.com/alliancestats.php?allianceid=1580,238k active personnel,30 ships,Almost Modern,12 factories,Good,last online 16 hours ago,rankings.php?subregion=per,Brotherhood of Nod,$6889 million,alliancestats.php?allianceid=1580,Persia,,Untapped,Very Powerful,http://www.blocgame.com/rankings.php?subregion=per,48894 km 2,http://www.blocgame.com/stats.php?id=53306,
valagentino,Benhard,http://www.blocgame.com/alliancestats.php?allianceid=1713,64k active personnel,4 ships,Korean War surplus,4 factories,Elite,last online 71 hours ago,rankings.php?subregion=gra,Cult of the DEADFISH,$4813 million,alliancestats.php?allianceid=1713,Gran Colombia,,Untapped,Large,http://www.blocgame.com/rankings.php?subregion=gra,39097 km 2,http://www.blocgame.com/stats.php?id=58211,33 Mbbl
High Glim,Silver King,http://www.blocgame.com/alliancestats.php?allianceid=1713,79k active personnel,0 ships,First World War surplus,2 factories,Poor,last online 170 hours ago,rankings.php?subregion=chi,Cult of the DEADFISH,$464 million,alliancestats.php?allianceid=1713,China,,Untapped,Mediocre,http://www.blocgame.com/rankings.php?subregion=chi,24492 km 2,http://www.blocgame.com/stats.php?id=58879,
Behnan,Feroze Ardashir,http://www.blocgame.com/alliancestats.php?allianceid=1580,164k active personnel,16 ships,Vietnam War surplus,6 factories,Elite,online now,rankings.php?subregion=per,Brotherhood of Nod,$4841 million,alliancestats.php?allianceid=1580,Persia,,,Somewhat Large,http://www.blocgame.com/rankings.php?subregion=per,27502 km 2,http://www.blocgame.com/stats.php?id=54162,3031 Mbbl
Boomtown,Rataca1000,http://www.blocgame.com/alliancestats.php?allianceid=1576,67k active personnel,9 ships,Vietnam War surplus,3 factories,Elite,last online 4 hours ago,rankings.php?subregion=chi,The Last Phoenix,$6863 million,alliancestats.php?allianceid=1576,China,,Plentiful,Large,http://www.blocgame.com/rankings.php?subregion=chi,6586 km 2,http://www.blocgame.com/stats.php?id=50054,120 Mbbl
Cubna,Fishdel_Castro,http://www.blocgame.com/alliancestats.php?allianceid=1756,39k active personnel,3 ships,First World War surplus,4 factories,Good,last online 13 hours ago,rankings.php?subregion=gui,The Golden Company,$2396 million,alliancestats.php?allianceid=1756,Guinea,,Untapped,Small,http://www.blocgame.com/rankings.php?subregion=gui,36412 km 2,http://www.blocgame.com/stats.php?id=57396,222 Mbbl
The Green Nile,The Menshevik,,16k active personnel,0 ships,Finest of the 19th century,None,Good,online now,rankings.php?subregion=egy,,$311 million,,Egypt,,Plentiful,Meagre,http://www.blocgame.com/rankings.php?subregion=egy,19700 km 2,http://www.blocgame.com/stats.php?id=59430,
MikesPisshole,MikeButJewish,http://www.blocgame.com/alliancestats.php?allianceid=1756,30k active personnel,4 ships,Second World War surplus,5 factories,Good,last online 8 hours ago,rankings.php?subregion=gui,The Golden Company,$5396 million,alliancestats.php?allianceid=1756,Guinea,,,Powerful,http://www.blocgame.com/rankings.php?subregion=gui,28796 km 2,http://www.blocgame.com/stats.php?id=57391,
Kraman,may__b,http://www.blocgame.com/alliancestats.php?allianceid=1644,20k active personnel,0 ships,Second World War surplus,2 factories,Good,last online 3 hours ago,rankings.php?subregion=saf,Inter/pol/,$786 million,alliancestats.php?allianceid=1644,Southern Africa,,Untapped,Meagre,http://www.blocgame.com/rankings.php?subregion=saf,24178 km 2,http://www.blocgame.com/stats.php?id=57807,
sand naggers,Evil,http://www.blocgame.com/alliancestats.php?allianceid=1393,123k active personnel,11 ships,Korean War surplus,6 factories,Elite,online now,rankings.php?subregion=per,BAMF,$1717 million,alliancestats.php?allianceid=1393,Persia,,,Very Powerful,http://www.blocgame.com/rankings.php?subregion=per,37446 km 2,http://www.blocgame.com/stats.php?id=58130,10299 Mbbl
Nummary,enkephalogy,,99k active personnel,9 ships,Vietnam War surplus,5 factories,Elite,last online 1 hours ago,rankings.php?subregion=chi,,$5574 million,,China,,,Very Powerful,http://www.blocgame.com/rankings.php?subregion=chi,24585 km 2,http://www.blocgame.com/stats.php?id=57058,84 Mbbl
chan-z,obigzee,,6k active personnel,0 ships,Finest of the 19th century,1 factory,Poor,last online 72 hours ago,rankings.php?subregion=mes,,$478 million,,Mesopotamia,,Untapped,None,http://www.blocgame.com/rankings.php?subregion=mes,19800 km 2,http://www.blocgame.com/stats.php?id=59157,1292 Mbbl
Sticky Green,Mary Jane,,6k active personnel,0 ships,First World War surplus,1 factory,Undisciplined Rabble,last online 21 hours ago,rankings.php?subregion=per,,$361 million,,Persia,,,None,http://www.blocgame.com/rankings.php?subregion=per,19800 km 2,http://www.blocgame.com/stats.php?id=59211,
Hallendren,Dellexe,http://www.blocgame.com/alliancestats.php?allianceid=1682,50k active personnel,24 ships,Vietnam War surplus,6 factories,Elite,online now,rankings.php?subregion=saf,S.T.A.L.K.E.R.,$8557 million,alliancestats.php?allianceid=1682,Southern Africa,,,Very Powerful,http://www.blocgame.com/rankings.php?subregion=saf,41365 km 2,http://www.blocgame.com/stats.php?id=55627,
New Sealand,Amish Electrician,http://www.blocgame.com/alliancestats.php?allianceid=1644,84k active personnel,2 ships,Second World War surplus,3 factories,Standard,last online 5 hours ago,rankings.php?subregion=car,Inter/pol/,$3130 million,alliancestats.php?allianceid=1644,Caribbean,,Untapped,Large,http://www.blocgame.com/rankings.php?subregion=car,29937 km 2,http://www.blocgame.com/stats.php?id=57797,
Versail,Chairman,http://www.blocgame.com/alliancestats.php?allianceid=1644,62k active personnel,3 ships,Persian Gulf War surplus,6 factories,Elite,last online 7 hours ago,rankings.php?subregion=car,Inter/pol/,$16889 million,alliancestats.php?allianceid=1644,Caribbean,,,Powerful,http://www.blocgame.com/rankings.php?subregion=car,29694 km 2,http://www.blocgame.com/stats.php?id=45646,
Savannah,Watersfall,http://www.blocgame.com/alliancestats.php?allianceid=1576,229k active personnel,27 ships,Almost Modern,12 factories,Standard,online now,rankings.php?subregion=pac,The Last Phoenix,$15108 million,alliancestats.php?allianceid=1576,Pacific Rim,1 Tons,,Very Powerful,http://www.blocgame.com/rankings.php?subregion=pac,57350 km 2,http://www.blocgame.com/stats.php?id=49817,
Chaouenne,pyrignis,http://www.blocgame.com/alliancestats.php?allianceid=1595,99k active personnel,9 ships,Vietnam War surplus,3 factories,Good,last online 64 hours ago,rankings.php?subregion=atl,The High Council,$5237 million,alliancestats.php?allianceid=1595,Atlas,,Untapped,Very Powerful,http://www.blocgame.com/rankings.php?subregion=atl,13306 km 2,http://www.blocgame.com/stats.php?id=42019,
The Lost,Vypr,http://www.blocgame.com/alliancestats.php?allianceid=1682,63k active personnel,11 ships,Vietnam War surplus,5 factories,Elite,online now,rankings.php?subregion=sea,S.T.A.L.K.E.R.,$6142 million,alliancestats.php?allianceid=1682,Indochina,,Near Depletion,Large,http://www.blocgame.com/rankings.php?subregion=sea,35027 km 2,http://www.blocgame.com/stats.php?id=40441,
Enkellus,JakobEnkel,,42k active personnel,0 ships,Finest of the 19th century,None,Good,online now,rankings.php?subregion=congo,,$312 million,,Congo,,Untapped,None,http://www.blocgame.com/rankings.php?subregion=congo,20773 km 2,http://www.blocgame.com/stats.php?id=59395,266 Mbbl
Plob,plox,http://www.blocgame.com/alliancestats.php?allianceid=1447,2k active personnel,4 ships,Second World War surplus,3 factories,Elite,online now,rankings.php?subregion=ara,Socialist Arab Union,$3593 million,alliancestats.php?allianceid=1447,Arabia,,Plentiful,Mediocre,http://www.blocgame.com/rankings.php?subregion=ara,20430 km 2,http://www.blocgame.com/stats.php?id=58260,2926 Mbbl
Parsistan,PrinceOfPersia,http://www.blocgame.com/alliancestats.php?allianceid=1393,4k active personnel,1 ships,Korean War surplus,4 factories,Elite,online now,rankings.php?subregion=per,BAMF,$5402 million,alliancestats.php?allianceid=1393,Persia,,Depleted,Large,http://www.blocgame.com/rankings.php?subregion=per,22538 km 2,http://www.blocgame.com/stats.php?id=58128,
Butt Munch Land,Butt Munch,,0k active personnel,0 ships,Second World War surplus,1 factory,Poor,last online 3 hours ago,rankings.php?subregion=mex,,$708 million,,Mesoamerica,,Untapped,Meagre,http://www.blocgame.com/rankings.php?subregion=mex,15904 km 2,http://www.blocgame.com/stats.php?id=58540,18 Mbbl
SPNR,Stefan Stamenkovic,,111k active personnel,12 ships,Korean War surplus,4 factories,Elite,online now,rankings.php?subregion=sea,,$5226 million,,Indochina,,,Powerful,http://www.blocgame.com/rankings.php?subregion=sea,17534 km 2,http://www.blocgame.com/stats.php?id=51722,94 Mbbl
Sarpsh,Clipes,,7k active personnel,0 ships,First World War surplus,None,Good,last online 45 hours ago,rankings.php?subregion=sea,,$1598 million,,Indochina,,Untapped,None,http://www.blocgame.com/rankings.php?subregion=sea,1301 km 2,http://www.blocgame.com/stats.php?id=54485,
Sodor,Sir Topham Hatt,http://www.blocgame.com/alliancestats.php?allianceid=1644,51k active personnel,21 ships,Korean War surplus,12 factories,Good,last online 1 hours ago,rankings.php?subregion=egy,Inter/pol/,$7073 million,alliancestats.php?allianceid=1644,Egypt,,Plentiful,Powerful,http://www.blocgame.com/rankings.php?subregion=egy,92638 km 2,http://www.blocgame.com/stats.php?id=54806,6694 Mbbl
ï¿½Ù§Ù§Ù§Ù§Ù§Ù§ï¿½,ï¿½Ù§Ù§Ù§Ù§Ù§Ù§ï¿½,http://www.blocgame.com/alliancestats.php?allianceid=1382,10k active personnel,0 ships,Second World War surplus,1 factory,Elite,last online 1 hours ago,rankings.php?subregion=chi,Non-Aligned Movement,$1521 million,alliancestats.php?allianceid=1382,China,,,Small,http://www.blocgame.com/rankings.php?subregion=chi,25883 km 2,http://www.blocgame.com/stats.php?id=58238,124 Mbbl
fuckiestan,death2chamelion,http://www.blocgame.com/alliancestats.php?allianceid=1580,21k active personnel,0 ships,First World War surplus,2 factories,Undisciplined Rabble,last online 51 hours ago,rankings.php?subregion=atl,Brotherhood of Nod,$1451 million,alliancestats.php?allianceid=1580,Atlas,,Untapped,Somewhat Large,http://www.blocgame.com/rankings.php?subregion=atl,15850 km 2,http://www.blocgame.com/stats.php?id=58862,1719 Mbbl
Vocaloind,Fafel,,3k active personnel,0 ships,Second World War surplus,1 factory,Standard,last online 44 hours ago,rankings.php?subregion=pac,,$3082 million,,Pacific Rim,,Untapped,None,http://www.blocgame.com/rankings.php?subregion=pac,1769 km 2,http://www.blocgame.com/stats.php?id=54482,
Darkstone,Trakel,http://www.blocgame.com/alliancestats.php?allianceid=1393,156k active personnel,4 ships,Korean War surplus,7 factories,Elite,last online 2 hours ago,rankings.php?subregion=pac,BAMF,$1179 million,alliancestats.php?allianceid=1393,Pacific Rim,,Untapped,Very Powerful,http://www.blocgame.com/rankings.php?subregion=pac,61350 km 2,http://www.blocgame.com/stats.php?id=57176,
Gertralia,Guillermicus,,156k active personnel,56 ships,Persian Gulf War surplus,13 factories,Elite,last online 1 hours ago,rankings.php?subregion=con,,$18929 million,,Southern Cone,,Plentiful,Very Powerful,http://www.blocgame.com/rankings.php?subregion=con,34928 km 2,http://www.blocgame.com/stats.php?id=45604,
Ragnorak,Yggdrasil,http://www.blocgame.com/alliancestats.php?allianceid=1644,100k active personnel,36 ships,Almost Modern,9 factories,Good,last online 1 hours ago,rankings.php?subregion=egy,Inter/pol/,$5896 million,alliancestats.php?allianceid=1644,Egypt,,,Very Powerful,http://www.blocgame.com/rankings.php?subregion=egy,91009 km 2,http://www.blocgame.com/stats.php?id=52905,
Ziwataland,Mustard,http://www.blocgame.com/alliancestats.php?allianceid=1644,47k active personnel,9 ships,Almost Modern,19 factories,Elite,last online 2 hours ago,rankings.php?subregion=ara,Inter/pol/,$11803 million,alliancestats.php?allianceid=1644,Arabia,,Plentiful,Very Powerful,http://www.blocgame.com/rankings.php?subregion=ara,95535 km 2,http://www.blocgame.com/stats.php?id=48211,5860 Mbbl
Chicken,Turkey,http://www.blocgame.com/alliancestats.php?allianceid=1644,40k active personnel,8 ships,Vietnam War surplus,2 factories,Elite,last online 22 hours ago,rankings.php?subregion=chi,Inter/pol/,$1497 million,alliancestats.php?allianceid=1644,China,,Untapped,Very Powerful,http://www.blocgame.com/rankings.php?subregion=chi,62991 km 2,http://www.blocgame.com/stats.php?id=55275,
Beaners,Judge Judy,http://www.blocgame.com/alliancestats.php?allianceid=1651,95k active personnel,20 ships,Vietnam War surplus,4 factories,Good,last online 3 hours ago,rankings.php?subregion=mex,UoHN,$2180 million,alliancestats.php?allianceid=1651,Mesoamerica,,Plentiful,Very Powerful,http://www.blocgame.com/rankings.php?subregion=mex,32119 km 2,http://www.blocgame.com/stats.php?id=55673,70 Mbbl
Rhodesia land,ZeUberStriker,http://www.blocgame.com/alliancestats.php?allianceid=1682,46k active personnel,10 ships,Vietnam War surplus,3 factories,Elite,last online 1 hours ago,rankings.php?subregion=saf,S.T.A.L.K.E.R.,$5011 million,alliancestats.php?allianceid=1682,Southern Africa,,Depleted,Powerful,http://www.blocgame.com/rankings.php?subregion=saf,23355 km 2,http://www.blocgame.com/stats.php?id=56093,79 Mbbl
Gillen,Gillen,http://www.blocgame.com/alliancestats.php?allianceid=1580,70k active personnel,0 ships,Second World War surplus,3 factories,Good,last online 14 hours ago,rankings.php?subregion=ara,Brotherhood of Nod,$4027 million,alliancestats.php?allianceid=1580,Arabia,,,Very Powerful,http://www.blocgame.com/rankings.php?subregion=ara,18178 km 2,http://www.blocgame.com/stats.php?id=54335,2397 Mbbl
LOLOLOL,LOLOLOL,http://www.blocgame.com/alliancestats.php?allianceid=1837,18k active personnel,-1 ships,First World War surplus,2 factories,Elite,online now,rankings.php?subregion=gui,African Comintern,$715 million,alliancestats.php?allianceid=1837,Guinea,,Depleted,Small,http://www.blocgame.com/rankings.php?subregion=gui,20990 km 2,http://www.blocgame.com/stats.php?id=59107,213 Mbbl
Cestor,Robert Dubage,,5k active personnel,0 ships,Finest of the 19th century,None,Standard,last online 68 hours ago,rankings.php?subregion=saf,,$325 million,,Southern Africa,,Untapped,None,http://www.blocgame.com/rankings.php?subregion=saf,19406 km 2,http://www.blocgame.com/stats.php?id=59379,
Swadia,SonnyJack,http://www.blocgame.com/alliancestats.php?allianceid=1580,220k active personnel,1 ships,Persian Gulf War surplus,11 factories,Good,last online 8 hours ago,rankings.php?subregion=ara,Brotherhood of Nod,$7539 million,alliancestats.php?allianceid=1580,Arabia,,,Very Powerful,http://www.blocgame.com/rankings.php?subregion=ara,72187 km 2,http://www.blocgame.com/stats.php?id=40011,
Bennington,William Wallace,http://www.blocgame.com/alliancestats.php?allianceid=1651,29k active personnel,6 ships,Korean War surplus,2 factories,Elite,last online 27 hours ago,rankings.php?subregion=pac,UoHN,$3621 million,alliancestats.php?allianceid=1651,Pacific Rim,,Untapped,Large,http://www.blocgame.com/rankings.php?subregion=pac,12948 km 2,http://www.blocgame.com/stats.php?id=58167,
SlavLand,Tsar Svetoslav,http://www.blocgame.com/alliancestats.php?allianceid=1651,89k active personnel,16 ships,Vietnam War surplus,8 factories,Elite,last online 7 hours ago,rankings.php?subregion=per,UoHN,$3376 million,alliancestats.php?allianceid=1651,Persia,2 Tons,,Powerful,http://www.blocgame.com/rankings.php?subregion=per,44157 km 2,http://www.blocgame.com/stats.php?id=51011,2213 Mbbl
woosha,blaatje,http://www.blocgame.com/alliancestats.php?allianceid=1599,20k active personnel,5 ships,Almost Modern,11 factories,Good,last online 1 hours ago,rankings.php?subregion=egy,Wreckage brothers,$4223 million,alliancestats.php?allianceid=1599,Egypt,,Untapped,Very Powerful,http://www.blocgame.com/rankings.php?subregion=egy,69205 km 2,http://www.blocgame.com/stats.php?id=58158,
Larsted,Drew Zirkle,,13k active personnel,0 ships,Finest of the 19th century,None,Standard,last online 91 hours ago,rankings.php?subregion=ara,,$347 million,,Arabia,,Untapped,None,http://www.blocgame.com/rankings.php?subregion=ara,19800 km 2,http://www.blocgame.com/stats.php?id=59343,
Starlight,Shardok95120,http://www.blocgame.com/alliancestats.php?allianceid=1651,82k active personnel,15 ships,Almost Modern,9 factories,Good,last online 2 hours ago,rankings.php?subregion=pac,UoHN,$5046 million,alliancestats.php?allianceid=1651,Pacific Rim,,Untapped,Large,http://www.blocgame.com/rankings.php?subregion=pac,56279 km 2,http://www.blocgame.com/stats.php?id=55690,
Vizio,linkbro,http://www.blocgame.com/alliancestats.php?allianceid=1393,77k active personnel,10 ships,Persian Gulf War surplus,5 factories,Elite,last online 3 hours ago,rankings.php?subregion=ara,BAMF,$10515 million,alliancestats.php?allianceid=1393,Arabia,,Plentiful,Very Powerful,http://www.blocgame.com/rankings.php?subregion=ara,30082 km 2,http://www.blocgame.com/stats.php?id=39037,
Lagoense,Marechal Fabra,http://www.blocgame.com/alliancestats.php?allianceid=1599,88k active personnel,0 ships,Second World War surplus,3 factories,Elite,online now,rankings.php?subregion=car,Wreckage brothers,$4049 million,alliancestats.php?allianceid=1599,Caribbean,,Plentiful,Mediocre,http://www.blocgame.com/rankings.php?subregion=car,18160 km 2,http://www.blocgame.com/stats.php?id=57361,
Dutch Indies,Tony Lovink,http://www.blocgame.com/alliancestats.php?allianceid=1599,46k active personnel,3 ships,Second World War surplus,2 factories,Good,last online 7 hours ago,rankings.php?subregion=ind,Wreckage brothers,$311 million,alliancestats.php?allianceid=1599,East Indies,,Untapped,None,http://www.blocgame.com/rankings.php?subregion=ind,20401 km 2,http://www.blocgame.com/stats.php?id=59424,90 Mbbl
ayyland,jesusaves,http://www.blocgame.com/alliancestats.php?allianceid=1580,1k active personnel,0 ships,Second World War surplus,2 factories,Undisciplined Rabble,last online 6 hours ago,rankings.php?subregion=car,Brotherhood of Nod,$2211 million,alliancestats.php?allianceid=1580,Caribbean,,,Powerful,http://www.blocgame.com/rankings.php?subregion=car,14239 km 2,http://www.blocgame.com/stats.php?id=56439,
Viktoria,gracious leader skylar,http://www.blocgame.com/alliancestats.php?allianceid=1393,14k active personnel,0 ships,First World War surplus,2 factories,Elite,online now,rankings.php?subregion=pac,BAMF,$1153 million,alliancestats.php?allianceid=1393,Pacific Rim,,,Meagre,http://www.blocgame.com/rankings.php?subregion=pac,23041 km 2,http://www.blocgame.com/stats.php?id=40188,412 Mbbl
Socialand,Free Party,,3k active personnel,0 ships,Second World War surplus,None,Elite,last online 34 hours ago,rankings.php?subregion=gra,,$2122 million,,Gran Colombia,,Untapped,Small,http://www.blocgame.com/rankings.php?subregion=gra,11232 km 2,http://www.blocgame.com/stats.php?id=58655,245 Mbbl
Nautique,wayneeconomist,http://www.blocgame.com/alliancestats.php?allianceid=1644,7k active personnel,1 ships,Second World War surplus,3 factories,Undisciplined Rabble,last online 3 hours ago,rankings.php?subregion=sub,Inter/pol/,$2236 million,alliancestats.php?allianceid=1644,The Subcontinent,,Untapped,Small,http://www.blocgame.com/rankings.php?subregion=sub,22568 km 2,http://www.blocgame.com/stats.php?id=58443,407 Mbbl
Valoria,Deux,http://www.blocgame.com/alliancestats.php?allianceid=1393,139k active personnel,16 ships,Almost Modern,7 factories,Elite,last online 25 hours ago,rankings.php?subregion=per,BAMF,$6679 million,alliancestats.php?allianceid=1393,Persia,,Untapped,Very Powerful,http://www.blocgame.com/rankings.php?subregion=per,37135 km 2,http://www.blocgame.com/stats.php?id=40017,6972 Mbbl
Nusa Java,Gussiloharno,,10k active personnel,0 ships,First World War surplus,1 factory,Elite,last online 4 hours ago,rankings.php?subregion=ind,,$550 million,,East Indies,,Plentiful,Mediocre,http://www.blocgame.com/rankings.php?subregion=ind,19899 km 2,http://www.blocgame.com/stats.php?id=59205,
Uboat 1,Commander,http://www.blocgame.com/alliancestats.php?allianceid=1568,124k active personnel,9 ships,Korean War surplus,8 factories,Good,last online 2 hours ago,rankings.php?subregion=ind,Brotherhood of Zion,$5929 million,alliancestats.php?allianceid=1568,East Indies,,Plentiful,Powerful,http://www.blocgame.com/rankings.php?subregion=ind,34256 km 2,http://www.blocgame.com/stats.php?id=56440,
Eagleland,AMERICAN_HERO,http://www.blocgame.com/alliancestats.php?allianceid=1599,18k active personnel,15 ships,Korean War surplus,9 factories,Elite,last online 10 hours ago,rankings.php?subregion=mex,Wreckage brothers,$10267 million,alliancestats.php?allianceid=1599,Mesoamerica,,,Large,http://www.blocgame.com/rankings.php?subregion=mex,47923 km 2,http://www.blocgame.com/stats.php?id=39022,
zioland,zionhar,,5k active personnel,0 ships,Second World War surplus,None,Elite,last online 5 hours ago,rankings.php?subregion=pac,,$1901 million,,Pacific Rim,,,Meagre,http://www.blocgame.com/rankings.php?subregion=pac,4804 km 2,http://www.blocgame.com/stats.php?id=56893,287 Mbbl
Broules,Xing Cheung,http://www.blocgame.com/alliancestats.php?allianceid=1644,113k active personnel,2 ships,Almost Modern,11 factories,Elite,last online 1 hours ago,rankings.php?subregion=pac,Inter/pol/,$7332 million,alliancestats.php?allianceid=1644,Pacific Rim,,,Very Powerful,http://www.blocgame.com/rankings.php?subregion=pac,36070 km 2,http://www.blocgame.com/stats.php?id=55591,
Based World,Lil B,http://www.blocgame.com/alliancestats.php?allianceid=1393,121k active personnel,7 ships,Vietnam War surplus,8 factories,Standard,online now,rankings.php?subregion=sub,BAMF,$4403 million,alliancestats.php?allianceid=1393,The Subcontinent,,Untapped,Large,http://www.blocgame.com/rankings.php?subregion=sub,43893 km 2,http://www.blocgame.com/stats.php?id=58035,
Paulandia,Cem Uzan,http://www.blocgame.com/alliancestats.php?allianceid=1644,108k active personnel,14 ships,Almost Modern,12 factories,Elite,online now,rankings.php?subregion=mes,Inter/pol/,$1103 million,alliancestats.php?allianceid=1644,Mesopotamia,,Untapped,Powerful,http://www.blocgame.com/rankings.php?subregion=mes,101327 km 2,http://www.blocgame.com/stats.php?id=55379,
SW Africa,Wilhelm II,http://www.blocgame.com/alliancestats.php?allianceid=1599,2k active personnel,20 ships,Korean War surplus,5 factories,Elite,last online 8 hours ago,rankings.php?subregion=saf,Wreckage brothers,$3618 million,alliancestats.php?allianceid=1599,Southern Africa,,Near Depletion,None,http://www.blocgame.com/rankings.php?subregion=saf,21729 km 2,http://www.blocgame.com/stats.php?id=55313,
Banestantinople,PunishedShaq,,15k active personnel,11 ships,Almost Modern,4 factories,Good,last online 24 hours ago,rankings.php?subregion=atl,,$9307 million,,Atlas,,Depleted,Very Powerful,http://www.blocgame.com/rankings.php?subregion=atl,17453 km 2,http://www.blocgame.com/stats.php?id=53840,
Savarnia,Kxxvc,http://www.blocgame.com/alliancestats.php?allianceid=1644,134k active personnel,19 ships,Almost Modern,10 factories,Elite,online now,rankings.php?subregion=pac,Inter/pol/,$5222 million,alliancestats.php?allianceid=1644,Pacific Rim,,Depleted,Very Powerful,http://www.blocgame.com/rankings.php?subregion=pac,64901 km 2,http://www.blocgame.com/stats.php?id=57059,
BURGEROPILY,Burger_boss,http://www.blocgame.com/alliancestats.php?allianceid=1568,0k active personnel,0 ships,Korean War surplus,1 factory,Elite,last online 44 hours ago,rankings.php?subregion=ara,Brotherhood of Zion,$2250 million,alliancestats.php?allianceid=1568,Arabia,,Untapped,Mediocre,http://www.blocgame.com/rankings.php?subregion=ara,16528 km 2,http://www.blocgame.com/stats.php?id=55903,1252 Mbbl
BURGEROPILY,Burger_boss,http://www.blocgame.com/alliancestats.php?allianceid=1568,0k active personnel,0 ships,Korean War surplus,1 factory,Elite,last online 44 hours ago,rankings.php?subregion=ara,Brotherhood of Zion,$2250 million,alliancestats.php?allianceid=1568,Arabia,,Untapped,Mediocre,http://www.blocgame.com/rankings.php?subregion=ara,16528 km 2,http://www.blocgame.com/stats.php?id=55903,1252 Mbbl
4U9525,Bloomin,http://www.blocgame.com/alliancestats.php?allianceid=1599,53k active personnel,2 ships,Second World War surplus,3 factories,Good,last online 53 hours ago,rankings.php?subregion=chi,Wreckage brothers,$2557 million,alliancestats.php?allianceid=1599,China,,Untapped,Large,http://www.blocgame.com/rankings.php?subregion=chi,20000 km 2,http://www.blocgame.com/stats.php?id=58527,103 Mbbl
Idiocracy,Chillintelligence,http://www.blocgame.com/alliancestats.php?allianceid=1644,396k active personnel,23 ships,Persian Gulf War surplus,18 factories,Elite,online now,rankings.php?subregion=mes,Inter/pol/,$1371 million,alliancestats.php?allianceid=1644,Mesopotamia,23 Tons,Near Depletion,Very Powerful,http://www.blocgame.com/rankings.php?subregion=mes,147713 km 2,http://www.blocgame.com/stats.php?id=49383,3441 Mbbl
Formosa,Chen ya len,http://www.blocgame.com/alliancestats.php?allianceid=1644,80k active personnel,23 ships,Persian Gulf War surplus,7 factories,Elite,last online 3 hours ago,rankings.php?subregion=pac,Inter/pol/,$9069 million,alliancestats.php?allianceid=1644,Pacific Rim,,,Very Powerful,http://www.blocgame.com/rankings.php?subregion=pac,30909 km 2,http://www.blocgame.com/stats.php?id=41162,
Uesugi,bluesolid,http://www.blocgame.com/alliancestats.php?allianceid=1382,21k active personnel,13 ships,Korean War surplus,6 factories,Elite,online now,rankings.php?subregion=pac,Non-Aligned Movement,$6859 million,alliancestats.php?allianceid=1382,Pacific Rim,,,Powerful,http://www.blocgame.com/rankings.php?subregion=pac,31308 km 2,http://www.blocgame.com/stats.php?id=56825,
Klahiv,Aelfred,,8k active personnel,0 ships,First World War surplus,None,Good,last online 32 hours ago,rankings.php?subregion=mes,,$339 million,,Mesopotamia,,Untapped,None,http://www.blocgame.com/rankings.php?subregion=mes,19602 km 2,http://www.blocgame.com/stats.php?id=59175,
The Dank Side,Dolan Dank,http://www.blocgame.com/alliancestats.php?allianceid=1568,11k active personnel,0 ships,Second World War surplus,2 factories,Elite,last online 14 hours ago,rankings.php?subregion=egy,Brotherhood of Zion,$876 million,alliancestats.php?allianceid=1568,Egypt,,,Mediocre,http://www.blocgame.com/rankings.php?subregion=egy,21686 km 2,http://www.blocgame.com/stats.php?id=59019,
nation name,alysdexia,http://www.blocgame.com/alliancestats.php?allianceid=1393,150k active personnel,20 ships,Persian Gulf War surplus,10 factories,Elite,online now,rankings.php?subregion=mes,BAMF,$14923 million,alliancestats.php?allianceid=1393,Mesopotamia,1 Tons,Untapped,Very Powerful,http://www.blocgame.com/rankings.php?subregion=mes,24854 km 2,http://www.blocgame.com/stats.php?id=49652,525 Mbbl
Habibastan,Ahmed Habib,http://www.blocgame.com/alliancestats.php?allianceid=1393,167k active personnel,8 ships,Vietnam War surplus,9 factories,Elite,last online 2 hours ago,rankings.php?subregion=egy,BAMF,$3622 million,alliancestats.php?allianceid=1393,Egypt,,,Very Powerful,http://www.blocgame.com/rankings.php?subregion=egy,59444 km 2,http://www.blocgame.com/stats.php?id=5936,1143 Mbbl
new aussie land,benj,,42k active personnel,3 ships,Korean War surplus,3 factories,Elite,last online 69 hours ago,rankings.php?subregion=car,,$7100 million,,Caribbean,,Untapped,Powerful,http://www.blocgame.com/rankings.php?subregion=car,19677 km 2,http://www.blocgame.com/stats.php?id=52750,
Gudvin2,Gudik277,,18k active personnel,0 ships,First World War surplus,1 factory,Elite,last online 51 hours ago,rankings.php?subregion=car,,$718 million,,Caribbean,,Untapped,Meagre,http://www.blocgame.com/rankings.php?subregion=car,20000 km 2,http://www.blocgame.com/stats.php?id=59180,
Nova Ikaki,Bisimbi,http://www.blocgame.com/alliancestats.php?allianceid=1393,200k active personnel,14 ships,Persian Gulf War surplus,6 factories,Elite,online now,rankings.php?subregion=ara,BAMF,$4614 million,alliancestats.php?allianceid=1393,Arabia,,,Powerful,http://www.blocgame.com/rankings.php?subregion=ara,58752 km 2,http://www.blocgame.com/stats.php?id=55911,
Bango,MrTangoMango,,5k active personnel,0 ships,First World War surplus,None,Elite,last online 80 hours ago,rankings.php?subregion=sea,,$329 million,,Indochina,,Untapped,None,http://www.blocgame.com/rankings.php?subregion=sea,19212 km 2,http://www.blocgame.com/stats.php?id=59337,
Newfoundland,Gohlper,http://www.blocgame.com/alliancestats.php?allianceid=1644,171k active personnel,26 ships,Persian Gulf War surplus,8 factories,Elite,online now,rankings.php?subregion=car,Inter/pol/,$15554 million,alliancestats.php?allianceid=1644,Caribbean,,,Very Powerful,http://www.blocgame.com/rankings.php?subregion=car,25895 km 2,http://www.blocgame.com/stats.php?id=52486,
Krakozhia,Ilyich,http://www.blocgame.com/alliancestats.php?allianceid=1644,268k active personnel,34 ships,Persian Gulf War surplus,10 factories,Elite,last online 1 hours ago,rankings.php?subregion=chi,Inter/pol/,$15014 million,alliancestats.php?allianceid=1644,China,,Untapped,Powerful,http://www.blocgame.com/rankings.php?subregion=chi,35918 km 2,http://www.blocgame.com/stats.php?id=39065,
New Knoxville,Wh1teL1ghtn1ng,,20k active personnel,0 ships,First World War surplus,1 factory,Good,last online 18 hours ago,rankings.php?subregion=gra,,$1201 million,,Gran Colombia,,Untapped,Mediocre,http://www.blocgame.com/rankings.php?subregion=gra,19406 km 2,http://www.blocgame.com/stats.php?id=58860,
Raman,Yasir al-Fulani,,2k active personnel,0 ships,Finest of the 19th century,None,Poor,last online 110 hours ago,rankings.php?subregion=eaf,,$313 million,,East Africa,,Untapped,None,http://www.blocgame.com/rankings.php?subregion=eaf,19020 km 2,http://www.blocgame.com/stats.php?id=59326,
Anarquista,BurregoAssado,,15k active personnel,0 ships,Finest of the 19th century,None,Standard,last online 67 hours ago,rankings.php?subregion=congo,,$334 million,,Congo,,Untapped,None,http://www.blocgame.com/rankings.php?subregion=congo,19602 km 2,http://www.blocgame.com/stats.php?id=59381,
Good Jobs,Mongoloid Manager,http://www.blocgame.com/alliancestats.php?allianceid=1568,23k active personnel,0 ships,Korean War surplus,5 factories,Standard,last online 5 hours ago,rankings.php?subregion=sea,Brotherhood of Zion,$2574 million,alliancestats.php?allianceid=1568,Indochina,,Plentiful,Large,http://www.blocgame.com/rankings.php?subregion=sea,35297 km 2,http://www.blocgame.com/stats.php?id=57865,
San-Guan,Spencer Martin,http://www.blocgame.com/alliancestats.php?allianceid=1393,6k active personnel,13 ships,Almost Modern,6 factories,Good,last online 67 hours ago,rankings.php?subregion=chi,BAMF,$8346 million,alliancestats.php?allianceid=1393,China,,,Very Powerful,http://www.blocgame.com/rankings.php?subregion=chi,30411 km 2,http://www.blocgame.com/stats.php?id=51057,
Arborea,Arbus,http://www.blocgame.com/alliancestats.php?allianceid=1580,84k active personnel,3 ships,Korean War surplus,4 factories,Elite,last online 2 hours ago,rankings.php?subregion=waf,Brotherhood of Nod,$3770 million,alliancestats.php?allianceid=1580,West Africa,,,Large,http://www.blocgame.com/rankings.php?subregion=waf,30085 km 2,http://www.blocgame.com/stats.php?id=57767,461 Mbbl
Africanistan,Jacques Strahp,http://www.blocgame.com/alliancestats.php?allianceid=1568,4k active personnel,40 ships,Persian Gulf War surplus,13 factories,Good,last online 27 hours ago,rankings.php?subregion=congo,Brotherhood of Zion,$24382 million,alliancestats.php?allianceid=1568,Congo,,Untapped,Very Powerful,http://www.blocgame.com/rankings.php?subregion=congo,33483 km 2,http://www.blocgame.com/stats.php?id=40233,
Svoboda,morro111,http://www.blocgame.com/alliancestats.php?allianceid=1568,65k active personnel,23 ships,Almost Modern,10 factories,Elite,last online 1 hours ago,rankings.php?subregion=eaf,Brotherhood of Zion,$16986 million,alliancestats.php?allianceid=1568,East Africa,,Depleted,Very Powerful,http://www.blocgame.com/rankings.php?subregion=eaf,23322 km 2,http://www.blocgame.com/stats.php?id=54397,
Ishtar,Magnus Magnus,http://www.blocgame.com/alliancestats.php?allianceid=1580,22k active personnel,13 ships,Korean War surplus,7 factories,Elite,last online 10 hours ago,rankings.php?subregion=mes,Brotherhood of Nod,$5707 million,alliancestats.php?allianceid=1580,Mesopotamia,,Near Depletion,Somewhat Large,http://www.blocgame.com/rankings.php?subregion=mes,27831 km 2,http://www.blocgame.com/stats.php?id=55882,2642 Mbbl
rarara,redmex16,http://www.blocgame.com/alliancestats.php?allianceid=1644,47k active personnel,0 ships,First World War surplus,1 factory,Elite,online now,rankings.php?subregion=mex,Inter/pol/,$752 million,alliancestats.php?allianceid=1644,Mesoamerica,,,Small,http://www.blocgame.com/rankings.php?subregion=mex,20665 km 2,http://www.blocgame.com/stats.php?id=59099,
Albertistan,King Istan,http://www.blocgame.com/alliancestats.php?allianceid=1393,65k active personnel,2 ships,Vietnam War surplus,8 factories,Elite,online now,rankings.php?subregion=chi,BAMF,$4711 million,alliancestats.php?allianceid=1393,China,,Depleted,Mediocre,http://www.blocgame.com/rankings.php?subregion=chi,42055 km 2,http://www.blocgame.com/stats.php?id=55877,110 Mbbl
Maa,AnalDecomposer,http://www.blocgame.com/alliancestats.php?allianceid=1644,1k active personnel,27 ships,Almost Modern,7 factories,Good,last online 26 hours ago,rankings.php?subregion=eaf,Inter/pol/,$12412 million,alliancestats.php?allianceid=1644,East Africa,,Near Depletion,None,http://www.blocgame.com/rankings.php?subregion=eaf,27933 km 2,http://www.blocgame.com/stats.php?id=50790,
Clop,Dezmo55,http://www.blocgame.com/alliancestats.php?allianceid=1651,69k active personnel,20 ships,Second World War surplus,8 factories,Elite,last online 7 hours ago,rankings.php?subregion=ind,UoHN,$4115 million,alliancestats.php?allianceid=1651,East Indies,,,Very Powerful,http://www.blocgame.com/rankings.php?subregion=ind,54251 km 2,http://www.blocgame.com/stats.php?id=55813,122 Mbbl
Rodan,Rodgun,http://www.blocgame.com/alliancestats.php?allianceid=1644,42k active personnel,32 ships,Persian Gulf War surplus,10 factories,Elite,last online 1 hours ago,rankings.php?subregion=per,Inter/pol/,$11794 million,alliancestats.php?allianceid=1644,Persia,,,Very Powerful,http://www.blocgame.com/rankings.php?subregion=per,42425 km 2,http://www.blocgame.com/stats.php?id=52317,
New-Rhodesia,Tito Van Ronnk,http://www.blocgame.com/alliancestats.php?allianceid=1644,1k active personnel,22 ships,Almost Modern,10 factories,Elite,last online 16 hours ago,rankings.php?subregion=eaf,Inter/pol/,$15579 million,alliancestats.php?allianceid=1644,East Africa,,Untapped,Very Powerful,http://www.blocgame.com/rankings.php?subregion=eaf,46790 km 2,http://www.blocgame.com/stats.php?id=49249,
Termina,Ravevengful,http://www.blocgame.com/alliancestats.php?allianceid=1644,12k active personnel,31 ships,Persian Gulf War surplus,14 factories,Undisciplined Rabble,last online 4 hours ago,rankings.php?subregion=mes,Inter/pol/,$8093 million,alliancestats.php?allianceid=1644,Mesopotamia,,Plentiful,Very Powerful,http://www.blocgame.com/rankings.php?subregion=mes,78236 km 2,http://www.blocgame.com/stats.php?id=54034,675 Mbbl
Peach,Tanaille,http://www.blocgame.com/alliancestats.php?allianceid=1644,124k active personnel,17 ships,Persian Gulf War surplus,14 factories,Elite,online now,rankings.php?subregion=mes,Inter/pol/,$8443 million,alliancestats.php?allianceid=1644,Mesopotamia,,,Very Powerful,http://www.blocgame.com/rankings.php?subregion=mes,117571 km 2,http://www.blocgame.com/stats.php?id=54825,
Jet Fuel,formerpresidentbush,http://www.blocgame.com/alliancestats.php?allianceid=1644,87k active personnel,11 ships,Second World War surplus,5 factories,Elite,online now,rankings.php?subregion=chi,Inter/pol/,$4660 million,alliancestats.php?allianceid=1644,China,,,Large,http://www.blocgame.com/rankings.php?subregion=chi,34561 km 2,http://www.blocgame.com/stats.php?id=58259,423 Mbbl
Omnia,Bropo,http://www.blocgame.com/alliancestats.php?allianceid=1568,38k active personnel,6 ships,Korean War surplus,10 factories,Elite,last online 2 hours ago,rankings.php?subregion=ind,Brotherhood of Zion,$6210 million,alliancestats.php?allianceid=1568,East Indies,,Near Depletion,Powerful,http://www.blocgame.com/rankings.php?subregion=ind,55475 km 2,http://www.blocgame.com/stats.php?id=57055,14 Mbbl
Sarpeda,Sarpedon,http://www.blocgame.com/alliancestats.php?allianceid=1580,104k active personnel,2 ships,Vietnam War surplus,9 factories,Good,last online 6 hours ago,rankings.php?subregion=mes,Brotherhood of Nod,$5874 million,alliancestats.php?allianceid=1580,Mesopotamia,,,Large,http://www.blocgame.com/rankings.php?subregion=mes,47091 km 2,http://www.blocgame.com/stats.php?id=56585,3120 Mbbl
ï¿½ï¿½ï¿½ï¿½ï¿½ï¿½ï¿½ï¿½ï¿½ï¿½,Mambuta,http://www.blocgame.com/alliancestats.php?allianceid=1644,34k active personnel,5 ships,Almost Modern,6 factories,Elite,online now,rankings.php?subregion=saf,Inter/pol/,$5884 million,alliancestats.php?allianceid=1644,Southern Africa,,Near Depletion,Very Powerful,http://www.blocgame.com/rankings.php?subregion=saf,21555 km 2,http://www.blocgame.com/stats.php?id=55460,
East Siam,Joseph Orwell,http://www.blocgame.com/alliancestats.php?allianceid=1644,3k active personnel,5 ships,Korean War surplus,5 factories,Good,last online 64 hours ago,rankings.php?subregion=sea,Inter/pol/,$3323 million,alliancestats.php?allianceid=1644,Indochina,,Untapped,Powerful,http://www.blocgame.com/rankings.php?subregion=sea,40184 km 2,http://www.blocgame.com/stats.php?id=57655,551 Mbbl
Lepkonia,Raguixxx,http://www.blocgame.com/alliancestats.php?allianceid=1644,117k active personnel,8 ships,Almost Modern,7 factories,Elite,last online 2 hours ago,rankings.php?subregion=con,Inter/pol/,$10097 million,alliancestats.php?allianceid=1644,Southern Cone,,Near Depletion,Very Powerful,http://www.blocgame.com/rankings.php?subregion=con,38956 km 2,http://www.blocgame.com/stats.php?id=55854,
Alanies,Alany,http://www.blocgame.com/alliancestats.php?allianceid=1644,135k active personnel,15 ships,Almost Modern,9 factories,Elite,online now,rankings.php?subregion=mes,Inter/pol/,$5466 million,alliancestats.php?allianceid=1644,Mesopotamia,,Plentiful,Powerful,http://www.blocgame.com/rankings.php?subregion=mes,40646 km 2,http://www.blocgame.com/stats.php?id=54617,8038 Mbbl
Cubania,General Fidelis,http://www.blocgame.com/alliancestats.php?allianceid=1393,67k active personnel,35 ships,Vietnam War surplus,11 factories,Elite,last online 63 hours ago,rankings.php?subregion=mex,BAMF,$15230 million,alliancestats.php?allianceid=1393,Mesoamerica,,Untapped,Very Powerful,http://www.blocgame.com/rankings.php?subregion=mex,36486 km 2,http://www.blocgame.com/stats.php?id=47349,
Rattown,Furfag Commanding,http://www.blocgame.com/alliancestats.php?allianceid=1393,473k active personnel,28 ships,Persian Gulf War surplus,10 factories,Good,last online 2 hours ago,rankings.php?subregion=mes,BAMF,$948 million,alliancestats.php?allianceid=1393,Mesopotamia,,Near Depletion,Very Powerful,http://www.blocgame.com/rankings.php?subregion=mes,41371 km 2,http://www.blocgame.com/stats.php?id=39062,
Kutushland,unfeter101,http://www.blocgame.com/alliancestats.php?allianceid=1580,84k active personnel,0 ships,Second World War surplus,2 factories,Elite,last online 2 hours ago,rankings.php?subregion=sub,Brotherhood of Nod,$2694 million,alliancestats.php?allianceid=1580,The Subcontinent,,Near Depletion,Meagre,http://www.blocgame.com/rankings.php?subregion=sub,28982 km 2,http://www.blocgame.com/stats.php?id=58396,
Somaliya,Al Somali,http://www.blocgame.com/alliancestats.php?allianceid=1644,133k active personnel,11 ships,Vietnam War surplus,6 factories,Elite,last online 6 hours ago,rankings.php?subregion=ara,Inter/pol/,$9352 million,alliancestats.php?allianceid=1644,Arabia,,Untapped,Large,http://www.blocgame.com/rankings.php?subregion=ara,27336 km 2,http://www.blocgame.com/stats.php?id=52569,
Shiba,Dogtown33,http://www.blocgame.com/alliancestats.php?allianceid=1644,17k active personnel,0 ships,Korean War surplus,6 factories,Elite,online now,rankings.php?subregion=pac,Inter/pol/,$6060 million,alliancestats.php?allianceid=1644,Pacific Rim,,Depleted,Powerful,http://www.blocgame.com/rankings.php?subregion=pac,34901 km 2,http://www.blocgame.com/stats.php?id=56250,
Bloodied Stools,cowds,http://www.blocgame.com/alliancestats.php?allianceid=1595,7k active personnel,0 ships,Korean War surplus,2 factories,Elite,last online 17 hours ago,rankings.php?subregion=gra,The High Council,$3246 million,alliancestats.php?allianceid=1595,Gran Colombia,,,Meagre,http://www.blocgame.com/rankings.php?subregion=gra,17450 km 2,http://www.blocgame.com/stats.php?id=56997,
FURFAGGOTRY,Film,,2k active personnel,0 ships,Korean War surplus,2 factories,Good,last online 14 hours ago,rankings.php?subregion=gra,,$3220 million,,Gran Colombia,,,Somewhat Large,http://www.blocgame.com/rankings.php?subregion=gra,18708 km 2,http://www.blocgame.com/stats.php?id=56981,417 Mbbl
Cancer,Stolen,http://www.blocgame.com/alliancestats.php?allianceid=1393,4k active personnel,0 ships,First World War surplus,1 factory,Standard,last online 94 hours ago,rankings.php?subregion=per,BAMF,$404 million,alliancestats.php?allianceid=1393,Persia,,Near Depletion,None,http://www.blocgame.com/rankings.php?subregion=per,19800 km 2,http://www.blocgame.com/stats.php?id=58745,1869 Mbbl
Judeau,Flynn MacMaster,http://www.blocgame.com/alliancestats.php?allianceid=1791,51k active personnel,3 ships,Second World War surplus,3 factories,Elite,last online 1 hours ago,rankings.php?subregion=pac,IDA,$2311 million,alliancestats.php?allianceid=1791,Pacific Rim,,Near Depletion,Mediocre,http://www.blocgame.com/rankings.php?subregion=pac,13210 km 2,http://www.blocgame.com/stats.php?id=58551,
Nerptunia,Nerp-Nerp,,7k active personnel,0 ships,Second World War surplus,2 factories,Poor,last online 136 hours ago,rankings.php?subregion=mes,,$848 million,,Mesopotamia,,Near Depletion,Mediocre,http://www.blocgame.com/rankings.php?subregion=mes,10756 km 2,http://www.blocgame.com/stats.php?id=57040,
Isackingz,Isack Militoniyers,,2k active personnel,0 ships,Finest of the 19th century,None,Undisciplined Rabble,last online 70 hours ago,rankings.php?subregion=chi,,$226 million,,China,,Untapped,None,http://www.blocgame.com/rankings.php?subregion=chi,20000 km 2,http://www.blocgame.com/stats.php?id=58865,
Behnan,Feroze Ardashir,http://www.blocgame.com/alliancestats.php?allianceid=1580,164k active personnel,16 ships,Vietnam War surplus,6 factories,Elite,online now,rankings.php?subregion=per,Brotherhood of Nod,$4841 million,alliancestats.php?allianceid=1580,Persia,,,Somewhat Large,http://www.blocgame.com/rankings.php?subregion=per,27502 km 2,http://www.blocgame.com/stats.php?id=54162,3031 Mbbl
Deutsches Reich,Kaiser Wilhelm II,http://www.blocgame.com/alliancestats.php?allianceid=1644,3k active personnel,10 ships,Second World War surplus,4 factories,Elite,last online 22 hours ago,rankings.php?subregion=chi,Inter/pol/,$2002 million,alliancestats.php?allianceid=1644,China,,,Very Powerful,http://www.blocgame.com/rankings.php?subregion=chi,31450 km 2,http://www.blocgame.com/stats.php?id=56104,
Lippe,The Landser,http://www.blocgame.com/alliancestats.php?allianceid=1682,83k active personnel,7 ships,Vietnam War surplus,4 factories,Elite,online now,rankings.php?subregion=saf,S.T.A.L.K.E.R.,$3959 million,alliancestats.php?allianceid=1682,Southern Africa,,Near Depletion,Very Powerful,http://www.blocgame.com/rankings.php?subregion=saf,30405 km 2,http://www.blocgame.com/stats.php?id=55767,
gencodog,gencodog,,2k active personnel,0 ships,First World War surplus,None,Elite,last online 166 hours ago,rankings.php?subregion=gra,,$334 million,,Gran Colombia,,Untapped,None,http://www.blocgame.com/rankings.php?subregion=gra,19602 km 2,http://www.blocgame.com/stats.php?id=59259,
Gruys,Urak Harban,http://www.blocgame.com/alliancestats.php?allianceid=1568,9k active personnel,6 ships,Almost Modern,6 factories,Standard,online now,rankings.php?subregion=saf,Brotherhood of Zion,$7674 million,alliancestats.php?allianceid=1568,Southern Africa,1 Tons,,Somewhat Large,http://www.blocgame.com/rankings.php?subregion=saf,45973 km 2,http://www.blocgame.com/stats.php?id=54913,
Tyrantia,Malakal,http://www.blocgame.com/alliancestats.php?allianceid=1576,133k active personnel,38 ships,Persian Gulf War surplus,12 factories,Good,online now,rankings.php?subregion=ind,The Last Phoenix,$9856 million,alliancestats.php?allianceid=1576,East Indies,2 Tons,Untapped,Very Powerful,http://www.blocgame.com/rankings.php?subregion=ind,46436 km 2,http://www.blocgame.com/stats.php?id=40238,
Die Eisenfaust,Allgemeine Stahlhammer,http://www.blocgame.com/alliancestats.php?allianceid=1644,63k active personnel,8 ships,Vietnam War surplus,10 factories,Elite,last online 1 hours ago,rankings.php?subregion=sub,Inter/pol/,$7129 million,alliancestats.php?allianceid=1644,The Subcontinent,,Near Depletion,Very Powerful,http://www.blocgame.com/rankings.php?subregion=sub,59534 km 2,http://www.blocgame.com/stats.php?id=51904,63 Mbbl
Cocobongo,Cuban Pete,,94k active personnel,10 ships,Korean War surplus,5 factories,Elite,last online 1 hours ago,rankings.php?subregion=gra,,$4514 million,,Gran Colombia,,Untapped,Powerful,http://www.blocgame.com/rankings.php?subregion=gra,23877 km 2,http://www.blocgame.com/stats.php?id=58193,53 Mbbl
BluePancakes,BluePancakes,,46k active personnel,0 ships,First World War surplus,None,Good,last online 74 hours ago,rankings.php?subregion=chi,,$497 million,,China,,Untapped,Meagre,http://www.blocgame.com/rankings.php?subregion=chi,19602 km 2,http://www.blocgame.com/stats.php?id=58953,38 Mbbl
Hashashin,moffe,http://www.blocgame.com/alliancestats.php?allianceid=1644,80k active personnel,30 ships,Persian Gulf War surplus,13 factories,Elite,last online 5 hours ago,rankings.php?subregion=per,Inter/pol/,$9838 million,alliancestats.php?allianceid=1644,Persia,,Near Depletion,Very Powerful,http://www.blocgame.com/rankings.php?subregion=per,88239 km 2,http://www.blocgame.com/stats.php?id=54220,2312 Mbbl
